trial_id,morph_method,direction,morph_path,known_path,hidden_path,known_id,hidden_id,source_a_id,source_b_id
OpenCV_001_08_vs_010_08_A_to_B,OpenCV,A_to_B,MAD22/original_sorted/OpenCV/001_08-vs-010_08.jpg,MAD22/original_sorted/BonaFide/001_08.jpg,MAD22/original_sorted/BonaFide/010_08.jpg,001_08,010_08,001_08,010_08
OpenCV_001_08_vs_010_08_B_to_A,OpenCV,B_to_A,MAD22/original_sorted/OpenCV/001_08-vs-010_08.jpg,MAD22/original_sorted/BonaFide/010_08.jpg,MAD22/original_sorted/BonaFide/001_08.jpg,010_08,001_08,001_08,010_08
OpenCV_001_08_vs_014_08_A_to_B,OpenCV,A_to_B,MAD22/original_sorted/OpenCV/001_08-vs-014_08.jpg,MAD22/original_sorted/BonaFide/001_08.jpg,MAD22/original_sorted/BonaFide/014_08.jpg,001_08,014_08,001_08,014_08
OpenCV_001_08_vs_014_08_B_to_A,OpenCV,B_to_A,MAD22/original_sorted/OpenCV/001_08-vs-014_08.jpg,MAD22/original_sorted/BonaFide/014_08.jpg,MAD22/original_sorted/BonaFide/001_08.jpg,014_08,001_08,001_08,014_08
OpenCV_001_08_vs_032_08_A_to_B,OpenCV,A_to_B,MAD22/original_sorted/OpenCV/001_08-vs-032_08.jpg,MAD22/original_sorted/BonaFide/001_08.jpg,MAD22/original_sorted/BonaFide/032_08.jpg,001_08,032_08,001_08,032_08
OpenCV_001_08_vs_032_08_B_to_A,OpenCV,B_to_A,MAD22/original_sorted/OpenCV/001_08-vs-032_08.jpg,MAD22/original_sorted/BonaFide/032_08.jpg,MAD22/original_sorted/BonaFide/001_08.jpg,032_08,001_08,001_08,032_08
OpenCV_001_08_vs_039_08_A_to_B,OpenCV,A_to_B,MAD22/original_sorted/OpenCV/001_08-vs-039_08.jpg,MAD22/original_sorted/BonaFide/001_08.jpg,MAD22/original_sorted/BonaFide/039_08.jpg,001_08,039_08,001_08,039_08
OpenCV_001_08_vs_039_08_B_to_A,OpenCV,B_to_A,MAD22/original_sorted/OpenCV/001_08-vs-039_08.jpg,MAD22/original_sorted/BonaFide/039_08.jpg,MAD22/original_sorted/BonaFide/001_08.jpg,039_08,001_08,001_08,039_08
OpenCV_001_08_vs_087_08_A_to_B,OpenCV,A_to_B,MAD22/original_sorted/OpenCV/001_08-vs-087_08.jpg,MAD22/original_sorted/BonaFide/001_08.jpg,MAD22/original_sorted/BonaFide/087_08.jpg,001_08,087_08,001_08,087_08
OpenCV_001_08_vs_087_08_B_to_A,OpenCV,B_to_A,MAD22/original_sorted/OpenCV/001_08-vs-087_08.jpg,MAD22/original_sorted/BonaFide/087_08.jpg,MAD22/original_sorted/BonaFide/001_08.jpg,087_08,001_08,001_08,087_08
OpenCV_001_08_vs_090_08_A_to_B,OpenCV,A_to_B,MAD22/original_sorted/OpenCV/001_08-vs-090_08.jpg,MAD22/original_sorted/BonaFide/001_08.jpg,MAD22/original_sorted/BonaFide/090_08.jpg,001_08,090_08,001_08,090_08
OpenCV_001_08_vs_090_08_B_to_A,OpenCV,B_to_A,MAD22/original_sorted/OpenCV/001_08-vs-090_08.jpg,MAD22/original_sorted/BonaFide/090_08.jpg,MAD22/original_sorted/BonaFide/001_08.jpg,090_08,001_08,001_08,090_08
OpenCV_001_08_vs_094_08_A_to_B,OpenCV,A_to_B,MAD22/original_sorted/OpenCV/001_08-vs-094_08.jpg,MAD22/original_sorted/BonaFide/001_08.jpg,MAD22/original_sorted/BonaFide/094_08.jpg,001_08,094_08,001_08,094_08
OpenCV_001_08_vs_094_08_B_to_A,OpenCV,B_to_A,MAD22/original_sorted/OpenCV/001_08-vs-094_08.jpg,MAD22/original_sorted/BonaFide/094_08.jpg,MAD22/original_sorted/BonaFide/001_08.jpg,094_08,001_08,001_08,094_08
OpenCV_001_08_vs_122_08_A_to_B,OpenCV,A_to_B,MAD22/original_sorted/OpenCV/001_08-vs-122_08.jpg,MAD22/original_sorted/BonaFide/001_08.jpg,MAD22/original_sorted/BonaFide/122_08.jpg,001_08,122_08,001_08,122_08
OpenCV_001_08_vs_122_08_B_to_A,OpenCV,B_to_A,MAD22/original_sorted/OpenCV/001_08-vs-122_08.jpg,MAD22/original_sorted/BonaFide/122_08.jpg,MAD22/original_sorted/BonaFide/001_08.jpg,122_08,001_08,001_08,122_08
OpenCV_002_03_vs_027_03_A_to_B,OpenCV,A_to_B,MAD22/original_sorted/OpenCV/002_03-vs-027_03.jpg,MAD22/original_sorted/BonaFide/002_03.jpg,MAD22/original_sorted/BonaFide/027_03.jpg,002_03,027_03,002_03,027_03
OpenCV_002_03_vs_027_03_B_to_A,OpenCV,B_to_A,MAD22/original_sorted/OpenCV/002_03-vs-027_03.jpg,MAD22/original_sorted/BonaFide/027_03.jpg,MAD22/original_sorted/BonaFide/002_03.jpg,027_03,002_03,002_03,027_03
OpenCV_002_03_vs_102_03_A_to_B,OpenCV,A_to_B,MAD22/original_sorted/OpenCV/002_03-vs-102_03.jpg,MAD22/original_sorted/BonaFide/002_03.jpg,MAD22/original_sorted/BonaFide/102_03.jpg,002_03,102_03,002_03,102_03
OpenCV_002_03_vs_102_03_B_to_A,OpenCV,B_to_A,MAD22/original_sorted/OpenCV/002_03-vs-102_03.jpg,MAD22/original_sorted/BonaFide/102_03.jpg,MAD22/original_sorted/BonaFide/002_03.jpg,102_03,002_03,002_03,102_03
OpenCV_002_03_vs_139_03_A_to_B,OpenCV,A_to_B,MAD22/original_sorted/OpenCV/002_03-vs-139_03.jpg,MAD22/original_sorted/BonaFide/002_03.jpg,MAD22/original_sorted/BonaFide/139_03.jpg,002_03,139_03,002_03,139_03
OpenCV_002_03_vs_139_03_B_to_A,OpenCV,B_to_A,MAD22/original_sorted/OpenCV/002_03-vs-139_03.jpg,MAD22/original_sorted/BonaFide/139_03.jpg,MAD22/original_sorted/BonaFide/002_03.jpg,139_03,002_03,002_03,139_03
OpenCV_002_08_vs_003_08_A_to_B,OpenCV,A_to_B,MAD22/original_sorted/OpenCV/002_08-vs-003_08.jpg,MAD22/original_sorted/BonaFide/002_08.jpg,MAD22/original_sorted/BonaFide/003_08.jpg,002_08,003_08,002_08,003_08
OpenCV_002_08_vs_003_08_B_to_A,OpenCV,B_to_A,MAD22/original_sorted/OpenCV/002_08-vs-003_08.jpg,MAD22/original_sorted/BonaFide/003_08.jpg,MAD22/original_sorted/BonaFide/002_08.jpg,003_08,002_08,002_08,003_08
OpenCV_002_08_vs_011_08_A_to_B,OpenCV,A_to_B,MAD22/original_sorted/OpenCV/002_08-vs-011_08.jpg,MAD22/original_sorted/BonaFide/002_08.jpg,MAD22/original_sorted/BonaFide/011_08.jpg,002_08,011_08,002_08,011_08
OpenCV_002_08_vs_011_08_B_to_A,OpenCV,B_to_A,MAD22/original_sorted/OpenCV/002_08-vs-011_08.jpg,MAD22/original_sorted/BonaFide/011_08.jpg,MAD22/original_sorted/BonaFide/002_08.jpg,011_08,002_08,002_08,011_08
OpenCV_002_08_vs_025_08_A_to_B,OpenCV,A_to_B,MAD22/original_sorted/OpenCV/002_08-vs-025_08.jpg,MAD22/original_sorted/BonaFide/002_08.jpg,MAD22/original_sorted/BonaFide/025_08.jpg,002_08,025_08,002_08,025_08
OpenCV_002_08_vs_025_08_B_to_A,OpenCV,B_to_A,MAD22/original_sorted/OpenCV/002_08-vs-025_08.jpg,MAD22/original_sorted/BonaFide/025_08.jpg,MAD22/original_sorted/BonaFide/002_08.jpg,025_08,002_08,002_08,025_08
OpenCV_002_08_vs_027_08_A_to_B,OpenCV,A_to_B,MAD22/original_sorted/OpenCV/002_08-vs-027_08.jpg,MAD22/original_sorted/BonaFide/002_08.jpg,MAD22/original_sorted/BonaFide/027_08.jpg,002_08,027_08,002_08,027_08
OpenCV_002_08_vs_027_08_B_to_A,OpenCV,B_to_A,MAD22/original_sorted/OpenCV/002_08-vs-027_08.jpg,MAD22/original_sorted/BonaFide/027_08.jpg,MAD22/original_sorted/BonaFide/002_08.jpg,027_08,002_08,002_08,027_08
OpenCV_002_08_vs_032_08_A_to_B,OpenCV,A_to_B,MAD22/original_sorted/OpenCV/002_08-vs-032_08.jpg,MAD22/original_sorted/BonaFide/002_08.jpg,MAD22/original_sorted/BonaFide/032_08.jpg,002_08,032_08,002_08,032_08
OpenCV_002_08_vs_032_08_B_to_A,OpenCV,B_to_A,MAD22/original_sorted/OpenCV/002_08-vs-032_08.jpg,MAD22/original_sorted/BonaFide/032_08.jpg,MAD22/original_sorted/BonaFide/002_08.jpg,032_08,002_08,002_08,032_08
OpenCV_002_08_vs_039_08_A_to_B,OpenCV,A_to_B,MAD22/original_sorted/OpenCV/002_08-vs-039_08.jpg,MAD22/original_sorted/BonaFide/002_08.jpg,MAD22/original_sorted/BonaFide/039_08.jpg,002_08,039_08,002_08,039_08
OpenCV_002_08_vs_039_08_B_to_A,OpenCV,B_to_A,MAD22/original_sorted/OpenCV/002_08-vs-039_08.jpg,MAD22/original_sorted/BonaFide/039_08.jpg,MAD22/original_sorted/BonaFide/002_08.jpg,039_08,002_08,002_08,039_08
OpenCV_002_08_vs_081_08_A_to_B,OpenCV,A_to_B,MAD22/original_sorted/OpenCV/002_08-vs-081_08.jpg,MAD22/original_sorted/BonaFide/002_08.jpg,MAD22/original_sorted/BonaFide/081_08.jpg,002_08,081_08,002_08,081_08
OpenCV_002_08_vs_081_08_B_to_A,OpenCV,B_to_A,MAD22/original_sorted/OpenCV/002_08-vs-081_08.jpg,MAD22/original_sorted/BonaFide/081_08.jpg,MAD22/original_sorted/BonaFide/002_08.jpg,081_08,002_08,002_08,081_08
OpenCV_002_08_vs_090_08_A_to_B,OpenCV,A_to_B,MAD22/original_sorted/OpenCV/002_08-vs-090_08.jpg,MAD22/original_sorted/BonaFide/002_08.jpg,MAD22/original_sorted/BonaFide/090_08.jpg,002_08,090_08,002_08,090_08
OpenCV_002_08_vs_090_08_B_to_A,OpenCV,B_to_A,MAD22/original_sorted/OpenCV/002_08-vs-090_08.jpg,MAD22/original_sorted/BonaFide/090_08.jpg,MAD22/original_sorted/BonaFide/002_08.jpg,090_08,002_08,002_08,090_08
OpenCV_002_08_vs_091_08_A_to_B,OpenCV,A_to_B,MAD22/original_sorted/OpenCV/002_08-vs-091_08.jpg,MAD22/original_sorted/BonaFide/002_08.jpg,MAD22/original_sorted/BonaFide/091_08.jpg,002_08,091_08,002_08,091_08
OpenCV_002_08_vs_091_08_B_to_A,OpenCV,B_to_A,MAD22/original_sorted/OpenCV/002_08-vs-091_08.jpg,MAD22/original_sorted/BonaFide/091_08.jpg,MAD22/original_sorted/BonaFide/002_08.jpg,091_08,002_08,002_08,091_08
OpenCV_002_08_vs_097_08_A_to_B,OpenCV,A_to_B,MAD22/original_sorted/OpenCV/002_08-vs-097_08.jpg,MAD22/original_sorted/BonaFide/002_08.jpg,MAD22/original_sorted/BonaFide/097_08.jpg,002_08,097_08,002_08,097_08
OpenCV_002_08_vs_097_08_B_to_A,OpenCV,B_to_A,MAD22/original_sorted/OpenCV/002_08-vs-097_08.jpg,MAD22/original_sorted/BonaFide/097_08.jpg,MAD22/original_sorted/BonaFide/002_08.jpg,097_08,002_08,002_08,097_08
OpenCV_002_08_vs_099_08_A_to_B,OpenCV,A_to_B,MAD22/original_sorted/OpenCV/002_08-vs-099_08.jpg,MAD22/original_sorted/BonaFide/002_08.jpg,MAD22/original_sorted/BonaFide/099_08.jpg,002_08,099_08,002_08,099_08
OpenCV_002_08_vs_099_08_B_to_A,OpenCV,B_to_A,MAD22/original_sorted/OpenCV/002_08-vs-099_08.jpg,MAD22/original_sorted/BonaFide/099_08.jpg,MAD22/original_sorted/BonaFide/002_08.jpg,099_08,002_08,002_08,099_08
OpenCV_002_08_vs_102_08_A_to_B,OpenCV,A_to_B,MAD22/original_sorted/OpenCV/002_08-vs-102_08.jpg,MAD22/original_sorted/BonaFide/002_08.jpg,MAD22/original_sorted/BonaFide/102_08.jpg,002_08,102_08,002_08,102_08
OpenCV_002_08_vs_102_08_B_to_A,OpenCV,B_to_A,MAD22/original_sorted/OpenCV/002_08-vs-102_08.jpg,MAD22/original_sorted/BonaFide/102_08.jpg,MAD22/original_sorted/BonaFide/002_08.jpg,102_08,002_08,002_08,102_08
OpenCV_002_08_vs_118_08_A_to_B,OpenCV,A_to_B,MAD22/original_sorted/OpenCV/002_08-vs-118_08.jpg,MAD22/original_sorted/BonaFide/002_08.jpg,MAD22/original_sorted/BonaFide/118_08.jpg,002_08,118_08,002_08,118_08
OpenCV_002_08_vs_118_08_B_to_A,OpenCV,B_to_A,MAD22/original_sorted/OpenCV/002_08-vs-118_08.jpg,MAD22/original_sorted/BonaFide/118_08.jpg,MAD22/original_sorted/BonaFide/002_08.jpg,118_08,002_08,002_08,118_08
OpenCV_002_08_vs_124_08_A_to_B,OpenCV,A_to_B,MAD22/original_sorted/OpenCV/002_08-vs-124_08.jpg,MAD22/original_sorted/BonaFide/002_08.jpg,MAD22/original_sorted/BonaFide/124_08.jpg,002_08,124_08,002_08,124_08
OpenCV_002_08_vs_124_08_B_to_A,OpenCV,B_to_A,MAD22/original_sorted/OpenCV/002_08-vs-124_08.jpg,MAD22/original_sorted/BonaFide/124_08.jpg,MAD22/original_sorted/BonaFide/002_08.jpg,124_08,002_08,002_08,124_08
OpenCV_002_08_vs_135_08_A_to_B,OpenCV,A_to_B,MAD22/original_sorted/OpenCV/002_08-vs-135_08.jpg,MAD22/original_sorted/BonaFide/002_08.jpg,MAD22/original_sorted/BonaFide/135_08.jpg,002_08,135_08,002_08,135_08
OpenCV_002_08_vs_135_08_B_to_A,OpenCV,B_to_A,MAD22/original_sorted/OpenCV/002_08-vs-135_08.jpg,MAD22/original_sorted/BonaFide/135_08.jpg,MAD22/original_sorted/BonaFide/002_08.jpg,135_08,002_08,002_08,135_08
OpenCV_002_08_vs_136_08_A_to_B,OpenCV,A_to_B,MAD22/original_sorted/OpenCV/002_08-vs-136_08.jpg,MAD22/original_sorted/BonaFide/002_08.jpg,MAD22/original_sorted/BonaFide/136_08.jpg,002_08,136_08,002_08,136_08
OpenCV_002_08_vs_136_08_B_to_A,OpenCV,B_to_A,MAD22/original_sorted/OpenCV/002_08-vs-136_08.jpg,MAD22/original_sorted/BonaFide/136_08.jpg,MAD22/original_sorted/BonaFide/002_08.jpg,136_08,002_08,002_08,136_08
OpenCV_002_08_vs_139_08_A_to_B,OpenCV,A_to_B,MAD22/original_sorted/OpenCV/002_08-vs-139_08.jpg,MAD22/original_sorted/BonaFide/002_08.jpg,MAD22/original_sorted/BonaFide/139_08.jpg,002_08,139_08,002_08,139_08
OpenCV_002_08_vs_139_08_B_to_A,OpenCV,B_to_A,MAD22/original_sorted/OpenCV/002_08-vs-139_08.jpg,MAD22/original_sorted/BonaFide/139_08.jpg,MAD22/original_sorted/BonaFide/002_08.jpg,139_08,002_08,002_08,139_08
OpenCV_002_08_vs_144_08_A_to_B,OpenCV,A_to_B,MAD22/original_sorted/OpenCV/002_08-vs-144_08.jpg,MAD22/original_sorted/BonaFide/002_08.jpg,MAD22/original_sorted/BonaFide/144_08.jpg,002_08,144_08,002_08,144_08
OpenCV_002_08_vs_144_08_B_to_A,OpenCV,B_to_A,MAD22/original_sorted/OpenCV/002_08-vs-144_08.jpg,MAD22/original_sorted/BonaFide/144_08.jpg,MAD22/original_sorted/BonaFide/002_08.jpg,144_08,002_08,002_08,144_08
OpenCV_003_03_vs_014_03_A_to_B,OpenCV,A_to_B,MAD22/original_sorted/OpenCV/003_03-vs-014_03.jpg,MAD22/original_sorted/BonaFide/003_03.jpg,MAD22/original_sorted/BonaFide/014_03.jpg,003_03,014_03,003_03,014_03
OpenCV_003_03_vs_014_03_B_to_A,OpenCV,B_to_A,MAD22/original_sorted/OpenCV/003_03-vs-014_03.jpg,MAD22/original_sorted/BonaFide/014_03.jpg,MAD22/original_sorted/BonaFide/003_03.jpg,014_03,003_03,003_03,014_03
OpenCV_003_03_vs_027_03_A_to_B,OpenCV,A_to_B,MAD22/original_sorted/OpenCV/003_03-vs-027_03.jpg,MAD22/original_sorted/BonaFide/003_03.jpg,MAD22/original_sorted/BonaFide/027_03.jpg,003_03,027_03,003_03,027_03
OpenCV_003_03_vs_027_03_B_to_A,OpenCV,B_to_A,MAD22/original_sorted/OpenCV/003_03-vs-027_03.jpg,MAD22/original_sorted/BonaFide/027_03.jpg,MAD22/original_sorted/BonaFide/003_03.jpg,027_03,003_03,003_03,027_03
OpenCV_003_08_vs_016_08_A_to_B,OpenCV,A_to_B,MAD22/original_sorted/OpenCV/003_08-vs-016_08.jpg,MAD22/original_sorted/BonaFide/003_08.jpg,MAD22/original_sorted/BonaFide/016_08.jpg,003_08,016_08,003_08,016_08
OpenCV_003_08_vs_016_08_B_to_A,OpenCV,B_to_A,MAD22/original_sorted/OpenCV/003_08-vs-016_08.jpg,MAD22/original_sorted/BonaFide/016_08.jpg,MAD22/original_sorted/BonaFide/003_08.jpg,016_08,003_08,003_08,016_08
OpenCV_003_08_vs_027_08_A_to_B,OpenCV,A_to_B,MAD22/original_sorted/OpenCV/003_08-vs-027_08.jpg,MAD22/original_sorted/BonaFide/003_08.jpg,MAD22/original_sorted/BonaFide/027_08.jpg,003_08,027_08,003_08,027_08
OpenCV_003_08_vs_027_08_B_to_A,OpenCV,B_to_A,MAD22/original_sorted/OpenCV/003_08-vs-027_08.jpg,MAD22/original_sorted/BonaFide/027_08.jpg,MAD22/original_sorted/BonaFide/003_08.jpg,027_08,003_08,003_08,027_08
OpenCV_003_08_vs_032_08_A_to_B,OpenCV,A_to_B,MAD22/original_sorted/OpenCV/003_08-vs-032_08.jpg,MAD22/original_sorted/BonaFide/003_08.jpg,MAD22/original_sorted/BonaFide/032_08.jpg,003_08,032_08,003_08,032_08
OpenCV_003_08_vs_032_08_B_to_A,OpenCV,B_to_A,MAD22/original_sorted/OpenCV/003_08-vs-032_08.jpg,MAD22/original_sorted/BonaFide/032_08.jpg,MAD22/original_sorted/BonaFide/003_08.jpg,032_08,003_08,003_08,032_08
OpenCV_003_08_vs_124_08_A_to_B,OpenCV,A_to_B,MAD22/original_sorted/OpenCV/003_08-vs-124_08.jpg,MAD22/original_sorted/BonaFide/003_08.jpg,MAD22/original_sorted/BonaFide/124_08.jpg,003_08,124_08,003_08,124_08
OpenCV_003_08_vs_124_08_B_to_A,OpenCV,B_to_A,MAD22/original_sorted/OpenCV/003_08-vs-124_08.jpg,MAD22/original_sorted/BonaFide/124_08.jpg,MAD22/original_sorted/BonaFide/003_08.jpg,124_08,003_08,003_08,124_08
OpenCV_003_08_vs_136_08_A_to_B,OpenCV,A_to_B,MAD22/original_sorted/OpenCV/003_08-vs-136_08.jpg,MAD22/original_sorted/BonaFide/003_08.jpg,MAD22/original_sorted/BonaFide/136_08.jpg,003_08,136_08,003_08,136_08
OpenCV_003_08_vs_136_08_B_to_A,OpenCV,B_to_A,MAD22/original_sorted/OpenCV/003_08-vs-136_08.jpg,MAD22/original_sorted/BonaFide/136_08.jpg,MAD22/original_sorted/BonaFide/003_08.jpg,136_08,003_08,003_08,136_08
OpenCV_003_08_vs_144_08_A_to_B,OpenCV,A_to_B,MAD22/original_sorted/OpenCV/003_08-vs-144_08.jpg,MAD22/original_sorted/BonaFide/003_08.jpg,MAD22/original_sorted/BonaFide/144_08.jpg,003_08,144_08,003_08,144_08
OpenCV_003_08_vs_144_08_B_to_A,OpenCV,B_to_A,MAD22/original_sorted/OpenCV/003_08-vs-144_08.jpg,MAD22/original_sorted/BonaFide/144_08.jpg,MAD22/original_sorted/BonaFide/003_08.jpg,144_08,003_08,003_08,144_08
OpenCV_004_03_vs_012_03_A_to_B,OpenCV,A_to_B,MAD22/original_sorted/OpenCV/004_03-vs-012_03.jpg,MAD22/original_sorted/BonaFide/004_03.jpg,MAD22/original_sorted/BonaFide/012_03.jpg,004_03,012_03,004_03,012_03
OpenCV_004_03_vs_012_03_B_to_A,OpenCV,B_to_A,MAD22/original_sorted/OpenCV/004_03-vs-012_03.jpg,MAD22/original_sorted/BonaFide/012_03.jpg,MAD22/original_sorted/BonaFide/004_03.jpg,012_03,004_03,004_03,012_03
OpenCV_004_03_vs_092_03_A_to_B,OpenCV,A_to_B,MAD22/original_sorted/OpenCV/004_03-vs-092_03.jpg,MAD22/original_sorted/BonaFide/004_03.jpg,MAD22/original_sorted/BonaFide/092_03.jpg,004_03,092_03,004_03,092_03
OpenCV_004_03_vs_092_03_B_to_A,OpenCV,B_to_A,MAD22/original_sorted/OpenCV/004_03-vs-092_03.jpg,MAD22/original_sorted/BonaFide/092_03.jpg,MAD22/original_sorted/BonaFide/004_03.jpg,092_03,004_03,004_03,092_03
OpenCV_004_03_vs_103_03_A_to_B,OpenCV,A_to_B,MAD22/original_sorted/OpenCV/004_03-vs-103_03.jpg,MAD22/original_sorted/BonaFide/004_03.jpg,MAD22/original_sorted/BonaFide/103_03.jpg,004_03,103_03,004_03,103_03
OpenCV_004_03_vs_103_03_B_to_A,OpenCV,B_to_A,MAD22/original_sorted/OpenCV/004_03-vs-103_03.jpg,MAD22/original_sorted/BonaFide/103_03.jpg,MAD22/original_sorted/BonaFide/004_03.jpg,103_03,004_03,004_03,103_03
OpenCV_004_03_vs_105_03_A_to_B,OpenCV,A_to_B,MAD22/original_sorted/OpenCV/004_03-vs-105_03.jpg,MAD22/original_sorted/BonaFide/004_03.jpg,MAD22/original_sorted/BonaFide/105_03.jpg,004_03,105_03,004_03,105_03
OpenCV_004_03_vs_105_03_B_to_A,OpenCV,B_to_A,MAD22/original_sorted/OpenCV/004_03-vs-105_03.jpg,MAD22/original_sorted/BonaFide/105_03.jpg,MAD22/original_sorted/BonaFide/004_03.jpg,105_03,004_03,004_03,105_03
OpenCV_004_03_vs_128_03_A_to_B,OpenCV,A_to_B,MAD22/original_sorted/OpenCV/004_03-vs-128_03.jpg,MAD22/original_sorted/BonaFide/004_03.jpg,MAD22/original_sorted/BonaFide/128_03.jpg,004_03,128_03,004_03,128_03
OpenCV_004_03_vs_128_03_B_to_A,OpenCV,B_to_A,MAD22/original_sorted/OpenCV/004_03-vs-128_03.jpg,MAD22/original_sorted/BonaFide/128_03.jpg,MAD22/original_sorted/BonaFide/004_03.jpg,128_03,004_03,004_03,128_03
OpenCV_004_03_vs_141_03_A_to_B,OpenCV,A_to_B,MAD22/original_sorted/OpenCV/004_03-vs-141_03.jpg,MAD22/original_sorted/BonaFide/004_03.jpg,MAD22/original_sorted/BonaFide/141_03.jpg,004_03,141_03,004_03,141_03
OpenCV_004_03_vs_141_03_B_to_A,OpenCV,B_to_A,MAD22/original_sorted/OpenCV/004_03-vs-141_03.jpg,MAD22/original_sorted/BonaFide/141_03.jpg,MAD22/original_sorted/BonaFide/004_03.jpg,141_03,004_03,004_03,141_03
OpenCV_004_03_vs_142_03_A_to_B,OpenCV,A_to_B,MAD22/original_sorted/OpenCV/004_03-vs-142_03.jpg,MAD22/original_sorted/BonaFide/004_03.jpg,MAD22/original_sorted/BonaFide/142_03.jpg,004_03,142_03,004_03,142_03
OpenCV_004_03_vs_142_03_B_to_A,OpenCV,B_to_A,MAD22/original_sorted/OpenCV/004_03-vs-142_03.jpg,MAD22/original_sorted/BonaFide/142_03.jpg,MAD22/original_sorted/BonaFide/004_03.jpg,142_03,004_03,004_03,142_03
OpenCV_004_03_vs_172_03_A_to_B,OpenCV,A_to_B,MAD22/original_sorted/OpenCV/004_03-vs-172_03.jpg,MAD22/original_sorted/BonaFide/004_03.jpg,MAD22/original_sorted/BonaFide/172_03.jpg,004_03,172_03,004_03,172_03
OpenCV_004_03_vs_172_03_B_to_A,OpenCV,B_to_A,MAD22/original_sorted/OpenCV/004_03-vs-172_03.jpg,MAD22/original_sorted/BonaFide/172_03.jpg,MAD22/original_sorted/BonaFide/004_03.jpg,172_03,004_03,004_03,172_03
OpenCV_005_03_vs_008_03_A_to_B,OpenCV,A_to_B,MAD22/original_sorted/OpenCV/005_03-vs-008_03.jpg,MAD22/original_sorted/BonaFide/005_03.jpg,MAD22/original_sorted/BonaFide/008_03.jpg,005_03,008_03,005_03,008_03
OpenCV_005_03_vs_008_03_B_to_A,OpenCV,B_to_A,MAD22/original_sorted/OpenCV/005_03-vs-008_03.jpg,MAD22/original_sorted/BonaFide/008_03.jpg,MAD22/original_sorted/BonaFide/005_03.jpg,008_03,005_03,005_03,008_03
OpenCV_005_03_vs_018_03_A_to_B,OpenCV,A_to_B,MAD22/original_sorted/OpenCV/005_03-vs-018_03.jpg,MAD22/original_sorted/BonaFide/005_03.jpg,MAD22/original_sorted/BonaFide/018_03.jpg,005_03,018_03,005_03,018_03
OpenCV_005_03_vs_018_03_B_to_A,OpenCV,B_to_A,MAD22/original_sorted/OpenCV/005_03-vs-018_03.jpg,MAD22/original_sorted/BonaFide/018_03.jpg,MAD22/original_sorted/BonaFide/005_03.jpg,018_03,005_03,005_03,018_03
OpenCV_005_03_vs_021_03_A_to_B,OpenCV,A_to_B,MAD22/original_sorted/OpenCV/005_03-vs-021_03.jpg,MAD22/original_sorted/BonaFide/005_03.jpg,MAD22/original_sorted/BonaFide/021_03.jpg,005_03,021_03,005_03,021_03
OpenCV_005_03_vs_021_03_B_to_A,OpenCV,B_to_A,MAD22/original_sorted/OpenCV/005_03-vs-021_03.jpg,MAD22/original_sorted/BonaFide/021_03.jpg,MAD22/original_sorted/BonaFide/005_03.jpg,021_03,005_03,005_03,021_03
OpenCV_005_03_vs_022_03_A_to_B,OpenCV,A_to_B,MAD22/original_sorted/OpenCV/005_03-vs-022_03.jpg,MAD22/original_sorted/BonaFide/005_03.jpg,MAD22/original_sorted/BonaFide/022_03.jpg,005_03,022_03,005_03,022_03
OpenCV_005_03_vs_022_03_B_to_A,OpenCV,B_to_A,MAD22/original_sorted/OpenCV/005_03-vs-022_03.jpg,MAD22/original_sorted/BonaFide/022_03.jpg,MAD22/original_sorted/BonaFide/005_03.jpg,022_03,005_03,005_03,022_03
OpenCV_005_03_vs_033_03_A_to_B,OpenCV,A_to_B,MAD22/original_sorted/OpenCV/005_03-vs-033_03.jpg,MAD22/original_sorted/BonaFide/005_03.jpg,MAD22/original_sorted/BonaFide/033_03.jpg,005_03,033_03,005_03,033_03
OpenCV_005_03_vs_033_03_B_to_A,OpenCV,B_to_A,MAD22/original_sorted/OpenCV/005_03-vs-033_03.jpg,MAD22/original_sorted/BonaFide/033_03.jpg,MAD22/original_sorted/BonaFide/005_03.jpg,033_03,005_03,005_03,033_03
OpenCV_005_03_vs_067_03_A_to_B,OpenCV,A_to_B,MAD22/original_sorted/OpenCV/005_03-vs-067_03.jpg,MAD22/original_sorted/BonaFide/005_03.jpg,MAD22/original_sorted/BonaFide/067_03.jpg,005_03,067_03,005_03,067_03
OpenCV_005_03_vs_067_03_B_to_A,OpenCV,B_to_A,MAD22/original_sorted/OpenCV/005_03-vs-067_03.jpg,MAD22/original_sorted/BonaFide/067_03.jpg,MAD22/original_sorted/BonaFide/005_03.jpg,067_03,005_03,005_03,067_03
OpenCV_005_03_vs_068_03_A_to_B,OpenCV,A_to_B,MAD22/original_sorted/OpenCV/005_03-vs-068_03.jpg,MAD22/original_sorted/BonaFide/005_03.jpg,MAD22/original_sorted/BonaFide/068_03.jpg,005_03,068_03,005_03,068_03
OpenCV_005_03_vs_068_03_B_to_A,OpenCV,B_to_A,MAD22/original_sorted/OpenCV/005_03-vs-068_03.jpg,MAD22/original_sorted/BonaFide/068_03.jpg,MAD22/original_sorted/BonaFide/005_03.jpg,068_03,005_03,005_03,068_03
OpenCV_005_03_vs_082_03_A_to_B,OpenCV,A_to_B,MAD22/original_sorted/OpenCV/005_03-vs-082_03.jpg,MAD22/original_sorted/BonaFide/005_03.jpg,MAD22/original_sorted/BonaFide/082_03.jpg,005_03,082_03,005_03,082_03
OpenCV_005_03_vs_082_03_B_to_A,OpenCV,B_to_A,MAD22/original_sorted/OpenCV/005_03-vs-082_03.jpg,MAD22/original_sorted/BonaFide/082_03.jpg,MAD22/original_sorted/BonaFide/005_03.jpg,082_03,005_03,005_03,082_03
OpenCV_005_03_vs_104_03_A_to_B,OpenCV,A_to_B,MAD22/original_sorted/OpenCV/005_03-vs-104_03.jpg,MAD22/original_sorted/BonaFide/005_03.jpg,MAD22/original_sorted/BonaFide/104_03.jpg,005_03,104_03,005_03,104_03
OpenCV_005_03_vs_104_03_B_to_A,OpenCV,B_to_A,MAD22/original_sorted/OpenCV/005_03-vs-104_03.jpg,MAD22/original_sorted/BonaFide/104_03.jpg,MAD22/original_sorted/BonaFide/005_03.jpg,104_03,005_03,005_03,104_03
OpenCV_005_03_vs_115_03_A_to_B,OpenCV,A_to_B,MAD22/original_sorted/OpenCV/005_03-vs-115_03.jpg,MAD22/original_sorted/BonaFide/005_03.jpg,MAD22/original_sorted/BonaFide/115_03.jpg,005_03,115_03,005_03,115_03
OpenCV_005_03_vs_115_03_B_to_A,OpenCV,B_to_A,MAD22/original_sorted/OpenCV/005_03-vs-115_03.jpg,MAD22/original_sorted/BonaFide/115_03.jpg,MAD22/original_sorted/BonaFide/005_03.jpg,115_03,005_03,005_03,115_03
OpenCV_005_08_vs_008_08_A_to_B,OpenCV,A_to_B,MAD22/original_sorted/OpenCV/005_08-vs-008_08.jpg,MAD22/original_sorted/BonaFide/005_08.jpg,MAD22/original_sorted/BonaFide/008_08.jpg,005_08,008_08,005_08,008_08
OpenCV_005_08_vs_008_08_B_to_A,OpenCV,B_to_A,MAD22/original_sorted/OpenCV/005_08-vs-008_08.jpg,MAD22/original_sorted/BonaFide/008_08.jpg,MAD22/original_sorted/BonaFide/005_08.jpg,008_08,005_08,005_08,008_08
OpenCV_005_08_vs_018_08_A_to_B,OpenCV,A_to_B,MAD22/original_sorted/OpenCV/005_08-vs-018_08.jpg,MAD22/original_sorted/BonaFide/005_08.jpg,MAD22/original_sorted/BonaFide/018_08.jpg,005_08,018_08,005_08,018_08
OpenCV_005_08_vs_018_08_B_to_A,OpenCV,B_to_A,MAD22/original_sorted/OpenCV/005_08-vs-018_08.jpg,MAD22/original_sorted/BonaFide/018_08.jpg,MAD22/original_sorted/BonaFide/005_08.jpg,018_08,005_08,005_08,018_08
OpenCV_005_08_vs_021_08_A_to_B,OpenCV,A_to_B,MAD22/original_sorted/OpenCV/005_08-vs-021_08.jpg,MAD22/original_sorted/BonaFide/005_08.jpg,MAD22/original_sorted/BonaFide/021_08.jpg,005_08,021_08,005_08,021_08
OpenCV_005_08_vs_021_08_B_to_A,OpenCV,B_to_A,MAD22/original_sorted/OpenCV/005_08-vs-021_08.jpg,MAD22/original_sorted/BonaFide/021_08.jpg,MAD22/original_sorted/BonaFide/005_08.jpg,021_08,005_08,005_08,021_08
OpenCV_005_08_vs_022_08_A_to_B,OpenCV,A_to_B,MAD22/original_sorted/OpenCV/005_08-vs-022_08.jpg,MAD22/original_sorted/BonaFide/005_08.jpg,MAD22/original_sorted/BonaFide/022_08.jpg,005_08,022_08,005_08,022_08
OpenCV_005_08_vs_022_08_B_to_A,OpenCV,B_to_A,MAD22/original_sorted/OpenCV/005_08-vs-022_08.jpg,MAD22/original_sorted/BonaFide/022_08.jpg,MAD22/original_sorted/BonaFide/005_08.jpg,022_08,005_08,005_08,022_08
OpenCV_005_08_vs_033_08_A_to_B,OpenCV,A_to_B,MAD22/original_sorted/OpenCV/005_08-vs-033_08.jpg,MAD22/original_sorted/BonaFide/005_08.jpg,MAD22/original_sorted/BonaFide/033_08.jpg,005_08,033_08,005_08,033_08
OpenCV_005_08_vs_033_08_B_to_A,OpenCV,B_to_A,MAD22/original_sorted/OpenCV/005_08-vs-033_08.jpg,MAD22/original_sorted/BonaFide/033_08.jpg,MAD22/original_sorted/BonaFide/005_08.jpg,033_08,005_08,005_08,033_08
OpenCV_005_08_vs_067_08_A_to_B,OpenCV,A_to_B,MAD22/original_sorted/OpenCV/005_08-vs-067_08.jpg,MAD22/original_sorted/BonaFide/005_08.jpg,MAD22/original_sorted/BonaFide/067_08.jpg,005_08,067_08,005_08,067_08
OpenCV_005_08_vs_067_08_B_to_A,OpenCV,B_to_A,MAD22/original_sorted/OpenCV/005_08-vs-067_08.jpg,MAD22/original_sorted/BonaFide/067_08.jpg,MAD22/original_sorted/BonaFide/005_08.jpg,067_08,005_08,005_08,067_08
OpenCV_005_08_vs_068_08_A_to_B,OpenCV,A_to_B,MAD22/original_sorted/OpenCV/005_08-vs-068_08.jpg,MAD22/original_sorted/BonaFide/005_08.jpg,MAD22/original_sorted/BonaFide/068_08.jpg,005_08,068_08,005_08,068_08
OpenCV_005_08_vs_068_08_B_to_A,OpenCV,B_to_A,MAD22/original_sorted/OpenCV/005_08-vs-068_08.jpg,MAD22/original_sorted/BonaFide/068_08.jpg,MAD22/original_sorted/BonaFide/005_08.jpg,068_08,005_08,005_08,068_08
OpenCV_005_08_vs_082_08_A_to_B,OpenCV,A_to_B,MAD22/original_sorted/OpenCV/005_08-vs-082_08.jpg,MAD22/original_sorted/BonaFide/005_08.jpg,MAD22/original_sorted/BonaFide/082_08.jpg,005_08,082_08,005_08,082_08
OpenCV_005_08_vs_082_08_B_to_A,OpenCV,B_to_A,MAD22/original_sorted/OpenCV/005_08-vs-082_08.jpg,MAD22/original_sorted/BonaFide/082_08.jpg,MAD22/original_sorted/BonaFide/005_08.jpg,082_08,005_08,005_08,082_08
OpenCV_005_08_vs_114_08_A_to_B,OpenCV,A_to_B,MAD22/original_sorted/OpenCV/005_08-vs-114_08.jpg,MAD22/original_sorted/BonaFide/005_08.jpg,MAD22/original_sorted/BonaFide/114_08.jpg,005_08,114_08,005_08,114_08
OpenCV_005_08_vs_114_08_B_to_A,OpenCV,B_to_A,MAD22/original_sorted/OpenCV/005_08-vs-114_08.jpg,MAD22/original_sorted/BonaFide/114_08.jpg,MAD22/original_sorted/BonaFide/005_08.jpg,114_08,005_08,005_08,114_08
OpenCV_005_08_vs_140_08_A_to_B,OpenCV,A_to_B,MAD22/original_sorted/OpenCV/005_08-vs-140_08.jpg,MAD22/original_sorted/BonaFide/005_08.jpg,MAD22/original_sorted/BonaFide/140_08.jpg,005_08,140_08,005_08,140_08
OpenCV_005_08_vs_140_08_B_to_A,OpenCV,B_to_A,MAD22/original_sorted/OpenCV/005_08-vs-140_08.jpg,MAD22/original_sorted/BonaFide/140_08.jpg,MAD22/original_sorted/BonaFide/005_08.jpg,140_08,005_08,005_08,140_08
OpenCV_006_03_vs_097_03_A_to_B,OpenCV,A_to_B,MAD22/original_sorted/OpenCV/006_03-vs-097_03.jpg,MAD22/original_sorted/BonaFide/006_03.jpg,MAD22/original_sorted/BonaFide/097_03.jpg,006_03,097_03,006_03,097_03
OpenCV_006_03_vs_097_03_B_to_A,OpenCV,B_to_A,MAD22/original_sorted/OpenCV/006_03-vs-097_03.jpg,MAD22/original_sorted/BonaFide/097_03.jpg,MAD22/original_sorted/BonaFide/006_03.jpg,097_03,006_03,006_03,097_03
OpenCV_006_03_vs_102_03_A_to_B,OpenCV,A_to_B,MAD22/original_sorted/OpenCV/006_03-vs-102_03.jpg,MAD22/original_sorted/BonaFide/006_03.jpg,MAD22/original_sorted/BonaFide/102_03.jpg,006_03,102_03,006_03,102_03
OpenCV_006_03_vs_102_03_B_to_A,OpenCV,B_to_A,MAD22/original_sorted/OpenCV/006_03-vs-102_03.jpg,MAD22/original_sorted/BonaFide/102_03.jpg,MAD22/original_sorted/BonaFide/006_03.jpg,102_03,006_03,006_03,102_03
OpenCV_006_08_vs_016_08_A_to_B,OpenCV,A_to_B,MAD22/original_sorted/OpenCV/006_08-vs-016_08.jpg,MAD22/original_sorted/BonaFide/006_08.jpg,MAD22/original_sorted/BonaFide/016_08.jpg,006_08,016_08,006_08,016_08
OpenCV_006_08_vs_016_08_B_to_A,OpenCV,B_to_A,MAD22/original_sorted/OpenCV/006_08-vs-016_08.jpg,MAD22/original_sorted/BonaFide/016_08.jpg,MAD22/original_sorted/BonaFide/006_08.jpg,016_08,006_08,006_08,016_08
OpenCV_006_08_vs_081_08_A_to_B,OpenCV,A_to_B,MAD22/original_sorted/OpenCV/006_08-vs-081_08.jpg,MAD22/original_sorted/BonaFide/006_08.jpg,MAD22/original_sorted/BonaFide/081_08.jpg,006_08,081_08,006_08,081_08
OpenCV_006_08_vs_081_08_B_to_A,OpenCV,B_to_A,MAD22/original_sorted/OpenCV/006_08-vs-081_08.jpg,MAD22/original_sorted/BonaFide/081_08.jpg,MAD22/original_sorted/BonaFide/006_08.jpg,081_08,006_08,006_08,081_08
OpenCV_006_08_vs_097_08_A_to_B,OpenCV,A_to_B,MAD22/original_sorted/OpenCV/006_08-vs-097_08.jpg,MAD22/original_sorted/BonaFide/006_08.jpg,MAD22/original_sorted/BonaFide/097_08.jpg,006_08,097_08,006_08,097_08
OpenCV_006_08_vs_097_08_B_to_A,OpenCV,B_to_A,MAD22/original_sorted/OpenCV/006_08-vs-097_08.jpg,MAD22/original_sorted/BonaFide/097_08.jpg,MAD22/original_sorted/BonaFide/006_08.jpg,097_08,006_08,006_08,097_08
OpenCV_006_08_vs_102_08_A_to_B,OpenCV,A_to_B,MAD22/original_sorted/OpenCV/006_08-vs-102_08.jpg,MAD22/original_sorted/BonaFide/006_08.jpg,MAD22/original_sorted/BonaFide/102_08.jpg,006_08,102_08,006_08,102_08
OpenCV_006_08_vs_102_08_B_to_A,OpenCV,B_to_A,MAD22/original_sorted/OpenCV/006_08-vs-102_08.jpg,MAD22/original_sorted/BonaFide/102_08.jpg,MAD22/original_sorted/BonaFide/006_08.jpg,102_08,006_08,006_08,102_08
OpenCV_006_08_vs_112_08_A_to_B,OpenCV,A_to_B,MAD22/original_sorted/OpenCV/006_08-vs-112_08.jpg,MAD22/original_sorted/BonaFide/006_08.jpg,MAD22/original_sorted/BonaFide/112_08.jpg,006_08,112_08,006_08,112_08
OpenCV_006_08_vs_112_08_B_to_A,OpenCV,B_to_A,MAD22/original_sorted/OpenCV/006_08-vs-112_08.jpg,MAD22/original_sorted/BonaFide/112_08.jpg,MAD22/original_sorted/BonaFide/006_08.jpg,112_08,006_08,006_08,112_08
OpenCV_006_08_vs_118_08_A_to_B,OpenCV,A_to_B,MAD22/original_sorted/OpenCV/006_08-vs-118_08.jpg,MAD22/original_sorted/BonaFide/006_08.jpg,MAD22/original_sorted/BonaFide/118_08.jpg,006_08,118_08,006_08,118_08
OpenCV_006_08_vs_118_08_B_to_A,OpenCV,B_to_A,MAD22/original_sorted/OpenCV/006_08-vs-118_08.jpg,MAD22/original_sorted/BonaFide/118_08.jpg,MAD22/original_sorted/BonaFide/006_08.jpg,118_08,006_08,006_08,118_08
OpenCV_006_08_vs_139_08_A_to_B,OpenCV,A_to_B,MAD22/original_sorted/OpenCV/006_08-vs-139_08.jpg,MAD22/original_sorted/BonaFide/006_08.jpg,MAD22/original_sorted/BonaFide/139_08.jpg,006_08,139_08,006_08,139_08
OpenCV_006_08_vs_139_08_B_to_A,OpenCV,B_to_A,MAD22/original_sorted/OpenCV/006_08-vs-139_08.jpg,MAD22/original_sorted/BonaFide/139_08.jpg,MAD22/original_sorted/BonaFide/006_08.jpg,139_08,006_08,006_08,139_08
OpenCV_006_08_vs_144_08_A_to_B,OpenCV,A_to_B,MAD22/original_sorted/OpenCV/006_08-vs-144_08.jpg,MAD22/original_sorted/BonaFide/006_08.jpg,MAD22/original_sorted/BonaFide/144_08.jpg,006_08,144_08,006_08,144_08
OpenCV_006_08_vs_144_08_B_to_A,OpenCV,B_to_A,MAD22/original_sorted/OpenCV/006_08-vs-144_08.jpg,MAD22/original_sorted/BonaFide/144_08.jpg,MAD22/original_sorted/BonaFide/006_08.jpg,144_08,006_08,006_08,144_08
OpenCV_008_03_vs_063_03_A_to_B,OpenCV,A_to_B,MAD22/original_sorted/OpenCV/008_03-vs-063_03.jpg,MAD22/original_sorted/BonaFide/008_03.jpg,MAD22/original_sorted/BonaFide/063_03.jpg,008_03,063_03,008_03,063_03
OpenCV_008_03_vs_063_03_B_to_A,OpenCV,B_to_A,MAD22/original_sorted/OpenCV/008_03-vs-063_03.jpg,MAD22/original_sorted/BonaFide/063_03.jpg,MAD22/original_sorted/BonaFide/008_03.jpg,063_03,008_03,008_03,063_03
OpenCV_008_03_vs_104_03_A_to_B,OpenCV,A_to_B,MAD22/original_sorted/OpenCV/008_03-vs-104_03.jpg,MAD22/original_sorted/BonaFide/008_03.jpg,MAD22/original_sorted/BonaFide/104_03.jpg,008_03,104_03,008_03,104_03
OpenCV_008_03_vs_104_03_B_to_A,OpenCV,B_to_A,MAD22/original_sorted/OpenCV/008_03-vs-104_03.jpg,MAD22/original_sorted/BonaFide/104_03.jpg,MAD22/original_sorted/BonaFide/008_03.jpg,104_03,008_03,008_03,104_03
OpenCV_008_03_vs_108_03_A_to_B,OpenCV,A_to_B,MAD22/original_sorted/OpenCV/008_03-vs-108_03.jpg,MAD22/original_sorted/BonaFide/008_03.jpg,MAD22/original_sorted/BonaFide/108_03.jpg,008_03,108_03,008_03,108_03
OpenCV_008_03_vs_108_03_B_to_A,OpenCV,B_to_A,MAD22/original_sorted/OpenCV/008_03-vs-108_03.jpg,MAD22/original_sorted/BonaFide/108_03.jpg,MAD22/original_sorted/BonaFide/008_03.jpg,108_03,008_03,008_03,108_03
OpenCV_008_03_vs_143_03_A_to_B,OpenCV,A_to_B,MAD22/original_sorted/OpenCV/008_03-vs-143_03.jpg,MAD22/original_sorted/BonaFide/008_03.jpg,MAD22/original_sorted/BonaFide/143_03.jpg,008_03,143_03,008_03,143_03
OpenCV_008_03_vs_143_03_B_to_A,OpenCV,B_to_A,MAD22/original_sorted/OpenCV/008_03-vs-143_03.jpg,MAD22/original_sorted/BonaFide/143_03.jpg,MAD22/original_sorted/BonaFide/008_03.jpg,143_03,008_03,008_03,143_03
OpenCV_008_08_vs_042_08_A_to_B,OpenCV,A_to_B,MAD22/original_sorted/OpenCV/008_08-vs-042_08.jpg,MAD22/original_sorted/BonaFide/008_08.jpg,MAD22/original_sorted/BonaFide/042_08.jpg,008_08,042_08,008_08,042_08
OpenCV_008_08_vs_042_08_B_to_A,OpenCV,B_to_A,MAD22/original_sorted/OpenCV/008_08-vs-042_08.jpg,MAD22/original_sorted/BonaFide/042_08.jpg,MAD22/original_sorted/BonaFide/008_08.jpg,042_08,008_08,008_08,042_08
OpenCV_008_08_vs_061_08_A_to_B,OpenCV,A_to_B,MAD22/original_sorted/OpenCV/008_08-vs-061_08.jpg,MAD22/original_sorted/BonaFide/008_08.jpg,MAD22/original_sorted/BonaFide/061_08.jpg,008_08,061_08,008_08,061_08
OpenCV_008_08_vs_061_08_B_to_A,OpenCV,B_to_A,MAD22/original_sorted/OpenCV/008_08-vs-061_08.jpg,MAD22/original_sorted/BonaFide/061_08.jpg,MAD22/original_sorted/BonaFide/008_08.jpg,061_08,008_08,008_08,061_08
OpenCV_008_08_vs_063_08_A_to_B,OpenCV,A_to_B,MAD22/original_sorted/OpenCV/008_08-vs-063_08.jpg,MAD22/original_sorted/BonaFide/008_08.jpg,MAD22/original_sorted/BonaFide/063_08.jpg,008_08,063_08,008_08,063_08
OpenCV_008_08_vs_063_08_B_to_A,OpenCV,B_to_A,MAD22/original_sorted/OpenCV/008_08-vs-063_08.jpg,MAD22/original_sorted/BonaFide/063_08.jpg,MAD22/original_sorted/BonaFide/008_08.jpg,063_08,008_08,008_08,063_08
OpenCV_008_08_vs_070_08_A_to_B,OpenCV,A_to_B,MAD22/original_sorted/OpenCV/008_08-vs-070_08.jpg,MAD22/original_sorted/BonaFide/008_08.jpg,MAD22/original_sorted/BonaFide/070_08.jpg,008_08,070_08,008_08,070_08
OpenCV_008_08_vs_070_08_B_to_A,OpenCV,B_to_A,MAD22/original_sorted/OpenCV/008_08-vs-070_08.jpg,MAD22/original_sorted/BonaFide/070_08.jpg,MAD22/original_sorted/BonaFide/008_08.jpg,070_08,008_08,008_08,070_08
OpenCV_008_08_vs_096_08_A_to_B,OpenCV,A_to_B,MAD22/original_sorted/OpenCV/008_08-vs-096_08.jpg,MAD22/original_sorted/BonaFide/008_08.jpg,MAD22/original_sorted/BonaFide/096_08.jpg,008_08,096_08,008_08,096_08
OpenCV_008_08_vs_096_08_B_to_A,OpenCV,B_to_A,MAD22/original_sorted/OpenCV/008_08-vs-096_08.jpg,MAD22/original_sorted/BonaFide/096_08.jpg,MAD22/original_sorted/BonaFide/008_08.jpg,096_08,008_08,008_08,096_08
OpenCV_009_03_vs_019_03_A_to_B,OpenCV,A_to_B,MAD22/original_sorted/OpenCV/009_03-vs-019_03.jpg,MAD22/original_sorted/BonaFide/009_03.jpg,MAD22/original_sorted/BonaFide/019_03.jpg,009_03,019_03,009_03,019_03
OpenCV_009_03_vs_019_03_B_to_A,OpenCV,B_to_A,MAD22/original_sorted/OpenCV/009_03-vs-019_03.jpg,MAD22/original_sorted/BonaFide/019_03.jpg,MAD22/original_sorted/BonaFide/009_03.jpg,019_03,009_03,009_03,019_03
OpenCV_009_03_vs_027_03_A_to_B,OpenCV,A_to_B,MAD22/original_sorted/OpenCV/009_03-vs-027_03.jpg,MAD22/original_sorted/BonaFide/009_03.jpg,MAD22/original_sorted/BonaFide/027_03.jpg,009_03,027_03,009_03,027_03
OpenCV_009_03_vs_027_03_B_to_A,OpenCV,B_to_A,MAD22/original_sorted/OpenCV/009_03-vs-027_03.jpg,MAD22/original_sorted/BonaFide/027_03.jpg,MAD22/original_sorted/BonaFide/009_03.jpg,027_03,009_03,009_03,027_03
OpenCV_009_03_vs_039_03_A_to_B,OpenCV,A_to_B,MAD22/original_sorted/OpenCV/009_03-vs-039_03.jpg,MAD22/original_sorted/BonaFide/009_03.jpg,MAD22/original_sorted/BonaFide/039_03.jpg,009_03,039_03,009_03,039_03
OpenCV_009_03_vs_039_03_B_to_A,OpenCV,B_to_A,MAD22/original_sorted/OpenCV/009_03-vs-039_03.jpg,MAD22/original_sorted/BonaFide/039_03.jpg,MAD22/original_sorted/BonaFide/009_03.jpg,039_03,009_03,009_03,039_03
OpenCV_009_03_vs_066_03_A_to_B,OpenCV,A_to_B,MAD22/original_sorted/OpenCV/009_03-vs-066_03.jpg,MAD22/original_sorted/BonaFide/009_03.jpg,MAD22/original_sorted/BonaFide/066_03.jpg,009_03,066_03,009_03,066_03
OpenCV_009_03_vs_066_03_B_to_A,OpenCV,B_to_A,MAD22/original_sorted/OpenCV/009_03-vs-066_03.jpg,MAD22/original_sorted/BonaFide/066_03.jpg,MAD22/original_sorted/BonaFide/009_03.jpg,066_03,009_03,009_03,066_03
OpenCV_009_03_vs_083_03_A_to_B,OpenCV,A_to_B,MAD22/original_sorted/OpenCV/009_03-vs-083_03.jpg,MAD22/original_sorted/BonaFide/009_03.jpg,MAD22/original_sorted/BonaFide/083_03.jpg,009_03,083_03,009_03,083_03
OpenCV_009_03_vs_083_03_B_to_A,OpenCV,B_to_A,MAD22/original_sorted/OpenCV/009_03-vs-083_03.jpg,MAD22/original_sorted/BonaFide/083_03.jpg,MAD22/original_sorted/BonaFide/009_03.jpg,083_03,009_03,009_03,083_03
OpenCV_009_03_vs_090_03_A_to_B,OpenCV,A_to_B,MAD22/original_sorted/OpenCV/009_03-vs-090_03.jpg,MAD22/original_sorted/BonaFide/009_03.jpg,MAD22/original_sorted/BonaFide/090_03.jpg,009_03,090_03,009_03,090_03
OpenCV_009_03_vs_090_03_B_to_A,OpenCV,B_to_A,MAD22/original_sorted/OpenCV/009_03-vs-090_03.jpg,MAD22/original_sorted/BonaFide/090_03.jpg,MAD22/original_sorted/BonaFide/009_03.jpg,090_03,009_03,009_03,090_03
OpenCV_009_03_vs_100_03_A_to_B,OpenCV,A_to_B,MAD22/original_sorted/OpenCV/009_03-vs-100_03.jpg,MAD22/original_sorted/BonaFide/009_03.jpg,MAD22/original_sorted/BonaFide/100_03.jpg,009_03,100_03,009_03,100_03
OpenCV_009_03_vs_100_03_B_to_A,OpenCV,B_to_A,MAD22/original_sorted/OpenCV/009_03-vs-100_03.jpg,MAD22/original_sorted/BonaFide/100_03.jpg,MAD22/original_sorted/BonaFide/009_03.jpg,100_03,009_03,009_03,100_03
OpenCV_009_03_vs_112_03_A_to_B,OpenCV,A_to_B,MAD22/original_sorted/OpenCV/009_03-vs-112_03.jpg,MAD22/original_sorted/BonaFide/009_03.jpg,MAD22/original_sorted/BonaFide/112_03.jpg,009_03,112_03,009_03,112_03
OpenCV_009_03_vs_112_03_B_to_A,OpenCV,B_to_A,MAD22/original_sorted/OpenCV/009_03-vs-112_03.jpg,MAD22/original_sorted/BonaFide/112_03.jpg,MAD22/original_sorted/BonaFide/009_03.jpg,112_03,009_03,009_03,112_03
OpenCV_009_03_vs_122_03_A_to_B,OpenCV,A_to_B,MAD22/original_sorted/OpenCV/009_03-vs-122_03.jpg,MAD22/original_sorted/BonaFide/009_03.jpg,MAD22/original_sorted/BonaFide/122_03.jpg,009_03,122_03,009_03,122_03
OpenCV_009_03_vs_122_03_B_to_A,OpenCV,B_to_A,MAD22/original_sorted/OpenCV/009_03-vs-122_03.jpg,MAD22/original_sorted/BonaFide/122_03.jpg,MAD22/original_sorted/BonaFide/009_03.jpg,122_03,009_03,009_03,122_03
OpenCV_009_03_vs_129_03_A_to_B,OpenCV,A_to_B,MAD22/original_sorted/OpenCV/009_03-vs-129_03.jpg,MAD22/original_sorted/BonaFide/009_03.jpg,MAD22/original_sorted/BonaFide/129_03.jpg,009_03,129_03,009_03,129_03
OpenCV_009_03_vs_129_03_B_to_A,OpenCV,B_to_A,MAD22/original_sorted/OpenCV/009_03-vs-129_03.jpg,MAD22/original_sorted/BonaFide/129_03.jpg,MAD22/original_sorted/BonaFide/009_03.jpg,129_03,009_03,009_03,129_03
OpenCV_009_03_vs_144_03_A_to_B,OpenCV,A_to_B,MAD22/original_sorted/OpenCV/009_03-vs-144_03.jpg,MAD22/original_sorted/BonaFide/009_03.jpg,MAD22/original_sorted/BonaFide/144_03.jpg,009_03,144_03,009_03,144_03
OpenCV_009_03_vs_144_03_B_to_A,OpenCV,B_to_A,MAD22/original_sorted/OpenCV/009_03-vs-144_03.jpg,MAD22/original_sorted/BonaFide/144_03.jpg,MAD22/original_sorted/BonaFide/009_03.jpg,144_03,009_03,009_03,144_03
OpenCV_009_08_vs_062_08_A_to_B,OpenCV,A_to_B,MAD22/original_sorted/OpenCV/009_08-vs-062_08.jpg,MAD22/original_sorted/BonaFide/009_08.jpg,MAD22/original_sorted/BonaFide/062_08.jpg,009_08,062_08,009_08,062_08
OpenCV_009_08_vs_062_08_B_to_A,OpenCV,B_to_A,MAD22/original_sorted/OpenCV/009_08-vs-062_08.jpg,MAD22/original_sorted/BonaFide/062_08.jpg,MAD22/original_sorted/BonaFide/009_08.jpg,062_08,009_08,009_08,062_08
OpenCV_009_08_vs_083_08_A_to_B,OpenCV,A_to_B,MAD22/original_sorted/OpenCV/009_08-vs-083_08.jpg,MAD22/original_sorted/BonaFide/009_08.jpg,MAD22/original_sorted/BonaFide/083_08.jpg,009_08,083_08,009_08,083_08
OpenCV_009_08_vs_083_08_B_to_A,OpenCV,B_to_A,MAD22/original_sorted/OpenCV/009_08-vs-083_08.jpg,MAD22/original_sorted/BonaFide/083_08.jpg,MAD22/original_sorted/BonaFide/009_08.jpg,083_08,009_08,009_08,083_08
OpenCV_009_08_vs_090_08_A_to_B,OpenCV,A_to_B,MAD22/original_sorted/OpenCV/009_08-vs-090_08.jpg,MAD22/original_sorted/BonaFide/009_08.jpg,MAD22/original_sorted/BonaFide/090_08.jpg,009_08,090_08,009_08,090_08
OpenCV_009_08_vs_090_08_B_to_A,OpenCV,B_to_A,MAD22/original_sorted/OpenCV/009_08-vs-090_08.jpg,MAD22/original_sorted/BonaFide/090_08.jpg,MAD22/original_sorted/BonaFide/009_08.jpg,090_08,009_08,009_08,090_08
OpenCV_009_08_vs_107_08_A_to_B,OpenCV,A_to_B,MAD22/original_sorted/OpenCV/009_08-vs-107_08.jpg,MAD22/original_sorted/BonaFide/009_08.jpg,MAD22/original_sorted/BonaFide/107_08.jpg,009_08,107_08,009_08,107_08
OpenCV_009_08_vs_107_08_B_to_A,OpenCV,B_to_A,MAD22/original_sorted/OpenCV/009_08-vs-107_08.jpg,MAD22/original_sorted/BonaFide/107_08.jpg,MAD22/original_sorted/BonaFide/009_08.jpg,107_08,009_08,009_08,107_08
OpenCV_009_08_vs_112_08_A_to_B,OpenCV,A_to_B,MAD22/original_sorted/OpenCV/009_08-vs-112_08.jpg,MAD22/original_sorted/BonaFide/009_08.jpg,MAD22/original_sorted/BonaFide/112_08.jpg,009_08,112_08,009_08,112_08
OpenCV_009_08_vs_112_08_B_to_A,OpenCV,B_to_A,MAD22/original_sorted/OpenCV/009_08-vs-112_08.jpg,MAD22/original_sorted/BonaFide/112_08.jpg,MAD22/original_sorted/BonaFide/009_08.jpg,112_08,009_08,009_08,112_08
OpenCV_009_08_vs_122_08_A_to_B,OpenCV,A_to_B,MAD22/original_sorted/OpenCV/009_08-vs-122_08.jpg,MAD22/original_sorted/BonaFide/009_08.jpg,MAD22/original_sorted/BonaFide/122_08.jpg,009_08,122_08,009_08,122_08
OpenCV_009_08_vs_122_08_B_to_A,OpenCV,B_to_A,MAD22/original_sorted/OpenCV/009_08-vs-122_08.jpg,MAD22/original_sorted/BonaFide/122_08.jpg,MAD22/original_sorted/BonaFide/009_08.jpg,122_08,009_08,009_08,122_08
OpenCV_009_08_vs_129_08_A_to_B,OpenCV,A_to_B,MAD22/original_sorted/OpenCV/009_08-vs-129_08.jpg,MAD22/original_sorted/BonaFide/009_08.jpg,MAD22/original_sorted/BonaFide/129_08.jpg,009_08,129_08,009_08,129_08
OpenCV_009_08_vs_129_08_B_to_A,OpenCV,B_to_A,MAD22/original_sorted/OpenCV/009_08-vs-129_08.jpg,MAD22/original_sorted/BonaFide/129_08.jpg,MAD22/original_sorted/BonaFide/009_08.jpg,129_08,009_08,009_08,129_08
OpenCV_009_08_vs_135_08_A_to_B,OpenCV,A_to_B,MAD22/original_sorted/OpenCV/009_08-vs-135_08.jpg,MAD22/original_sorted/BonaFide/009_08.jpg,MAD22/original_sorted/BonaFide/135_08.jpg,009_08,135_08,009_08,135_08
OpenCV_009_08_vs_135_08_B_to_A,OpenCV,B_to_A,MAD22/original_sorted/OpenCV/009_08-vs-135_08.jpg,MAD22/original_sorted/BonaFide/135_08.jpg,MAD22/original_sorted/BonaFide/009_08.jpg,135_08,009_08,009_08,135_08
OpenCV_009_08_vs_139_08_A_to_B,OpenCV,A_to_B,MAD22/original_sorted/OpenCV/009_08-vs-139_08.jpg,MAD22/original_sorted/BonaFide/009_08.jpg,MAD22/original_sorted/BonaFide/139_08.jpg,009_08,139_08,009_08,139_08
OpenCV_009_08_vs_139_08_B_to_A,OpenCV,B_to_A,MAD22/original_sorted/OpenCV/009_08-vs-139_08.jpg,MAD22/original_sorted/BonaFide/139_08.jpg,MAD22/original_sorted/BonaFide/009_08.jpg,139_08,009_08,009_08,139_08
OpenCV_009_08_vs_144_08_A_to_B,OpenCV,A_to_B,MAD22/original_sorted/OpenCV/009_08-vs-144_08.jpg,MAD22/original_sorted/BonaFide/009_08.jpg,MAD22/original_sorted/BonaFide/144_08.jpg,009_08,144_08,009_08,144_08
OpenCV_009_08_vs_144_08_B_to_A,OpenCV,B_to_A,MAD22/original_sorted/OpenCV/009_08-vs-144_08.jpg,MAD22/original_sorted/BonaFide/144_08.jpg,MAD22/original_sorted/BonaFide/009_08.jpg,144_08,009_08,009_08,144_08
OpenCV_010_03_vs_038_03_A_to_B,OpenCV,A_to_B,MAD22/original_sorted/OpenCV/010_03-vs-038_03.jpg,MAD22/original_sorted/BonaFide/010_03.jpg,MAD22/original_sorted/BonaFide/038_03.jpg,010_03,038_03,010_03,038_03
OpenCV_010_03_vs_038_03_B_to_A,OpenCV,B_to_A,MAD22/original_sorted/OpenCV/010_03-vs-038_03.jpg,MAD22/original_sorted/BonaFide/038_03.jpg,MAD22/original_sorted/BonaFide/010_03.jpg,038_03,010_03,010_03,038_03
OpenCV_010_08_vs_020_08_A_to_B,OpenCV,A_to_B,MAD22/original_sorted/OpenCV/010_08-vs-020_08.jpg,MAD22/original_sorted/BonaFide/010_08.jpg,MAD22/original_sorted/BonaFide/020_08.jpg,010_08,020_08,010_08,020_08
OpenCV_010_08_vs_020_08_B_to_A,OpenCV,B_to_A,MAD22/original_sorted/OpenCV/010_08-vs-020_08.jpg,MAD22/original_sorted/BonaFide/020_08.jpg,MAD22/original_sorted/BonaFide/010_08.jpg,020_08,010_08,010_08,020_08
OpenCV_010_08_vs_030_08_A_to_B,OpenCV,A_to_B,MAD22/original_sorted/OpenCV/010_08-vs-030_08.jpg,MAD22/original_sorted/BonaFide/010_08.jpg,MAD22/original_sorted/BonaFide/030_08.jpg,010_08,030_08,010_08,030_08
OpenCV_010_08_vs_030_08_B_to_A,OpenCV,B_to_A,MAD22/original_sorted/OpenCV/010_08-vs-030_08.jpg,MAD22/original_sorted/BonaFide/030_08.jpg,MAD22/original_sorted/BonaFide/010_08.jpg,030_08,010_08,010_08,030_08
OpenCV_010_08_vs_038_08_A_to_B,OpenCV,A_to_B,MAD22/original_sorted/OpenCV/010_08-vs-038_08.jpg,MAD22/original_sorted/BonaFide/010_08.jpg,MAD22/original_sorted/BonaFide/038_08.jpg,010_08,038_08,010_08,038_08
OpenCV_010_08_vs_038_08_B_to_A,OpenCV,B_to_A,MAD22/original_sorted/OpenCV/010_08-vs-038_08.jpg,MAD22/original_sorted/BonaFide/038_08.jpg,MAD22/original_sorted/BonaFide/010_08.jpg,038_08,010_08,010_08,038_08
OpenCV_010_08_vs_039_08_A_to_B,OpenCV,A_to_B,MAD22/original_sorted/OpenCV/010_08-vs-039_08.jpg,MAD22/original_sorted/BonaFide/010_08.jpg,MAD22/original_sorted/BonaFide/039_08.jpg,010_08,039_08,010_08,039_08
OpenCV_010_08_vs_039_08_B_to_A,OpenCV,B_to_A,MAD22/original_sorted/OpenCV/010_08-vs-039_08.jpg,MAD22/original_sorted/BonaFide/039_08.jpg,MAD22/original_sorted/BonaFide/010_08.jpg,039_08,010_08,010_08,039_08
OpenCV_010_08_vs_136_08_A_to_B,OpenCV,A_to_B,MAD22/original_sorted/OpenCV/010_08-vs-136_08.jpg,MAD22/original_sorted/BonaFide/010_08.jpg,MAD22/original_sorted/BonaFide/136_08.jpg,010_08,136_08,010_08,136_08
OpenCV_010_08_vs_136_08_B_to_A,OpenCV,B_to_A,MAD22/original_sorted/OpenCV/010_08-vs-136_08.jpg,MAD22/original_sorted/BonaFide/136_08.jpg,MAD22/original_sorted/BonaFide/010_08.jpg,136_08,010_08,010_08,136_08
OpenCV_011_03_vs_032_03_A_to_B,OpenCV,A_to_B,MAD22/original_sorted/OpenCV/011_03-vs-032_03.jpg,MAD22/original_sorted/BonaFide/011_03.jpg,MAD22/original_sorted/BonaFide/032_03.jpg,011_03,032_03,011_03,032_03
OpenCV_011_03_vs_032_03_B_to_A,OpenCV,B_to_A,MAD22/original_sorted/OpenCV/011_03-vs-032_03.jpg,MAD22/original_sorted/BonaFide/032_03.jpg,MAD22/original_sorted/BonaFide/011_03.jpg,032_03,011_03,011_03,032_03
OpenCV_011_03_vs_062_03_A_to_B,OpenCV,A_to_B,MAD22/original_sorted/OpenCV/011_03-vs-062_03.jpg,MAD22/original_sorted/BonaFide/011_03.jpg,MAD22/original_sorted/BonaFide/062_03.jpg,011_03,062_03,011_03,062_03
OpenCV_011_03_vs_062_03_B_to_A,OpenCV,B_to_A,MAD22/original_sorted/OpenCV/011_03-vs-062_03.jpg,MAD22/original_sorted/BonaFide/062_03.jpg,MAD22/original_sorted/BonaFide/011_03.jpg,062_03,011_03,011_03,062_03
OpenCV_011_03_vs_135_03_A_to_B,OpenCV,A_to_B,MAD22/original_sorted/OpenCV/011_03-vs-135_03.jpg,MAD22/original_sorted/BonaFide/011_03.jpg,MAD22/original_sorted/BonaFide/135_03.jpg,011_03,135_03,011_03,135_03
OpenCV_011_03_vs_135_03_B_to_A,OpenCV,B_to_A,MAD22/original_sorted/OpenCV/011_03-vs-135_03.jpg,MAD22/original_sorted/BonaFide/135_03.jpg,MAD22/original_sorted/BonaFide/011_03.jpg,135_03,011_03,011_03,135_03
OpenCV_011_08_vs_020_08_A_to_B,OpenCV,A_to_B,MAD22/original_sorted/OpenCV/011_08-vs-020_08.jpg,MAD22/original_sorted/BonaFide/011_08.jpg,MAD22/original_sorted/BonaFide/020_08.jpg,011_08,020_08,011_08,020_08
OpenCV_011_08_vs_020_08_B_to_A,OpenCV,B_to_A,MAD22/original_sorted/OpenCV/011_08-vs-020_08.jpg,MAD22/original_sorted/BonaFide/020_08.jpg,MAD22/original_sorted/BonaFide/011_08.jpg,020_08,011_08,011_08,020_08
OpenCV_011_08_vs_064_08_A_to_B,OpenCV,A_to_B,MAD22/original_sorted/OpenCV/011_08-vs-064_08.jpg,MAD22/original_sorted/BonaFide/011_08.jpg,MAD22/original_sorted/BonaFide/064_08.jpg,011_08,064_08,011_08,064_08
OpenCV_011_08_vs_064_08_B_to_A,OpenCV,B_to_A,MAD22/original_sorted/OpenCV/011_08-vs-064_08.jpg,MAD22/original_sorted/BonaFide/064_08.jpg,MAD22/original_sorted/BonaFide/011_08.jpg,064_08,011_08,011_08,064_08
OpenCV_011_08_vs_091_08_A_to_B,OpenCV,A_to_B,MAD22/original_sorted/OpenCV/011_08-vs-091_08.jpg,MAD22/original_sorted/BonaFide/011_08.jpg,MAD22/original_sorted/BonaFide/091_08.jpg,011_08,091_08,011_08,091_08
OpenCV_011_08_vs_091_08_B_to_A,OpenCV,B_to_A,MAD22/original_sorted/OpenCV/011_08-vs-091_08.jpg,MAD22/original_sorted/BonaFide/091_08.jpg,MAD22/original_sorted/BonaFide/011_08.jpg,091_08,011_08,011_08,091_08
OpenCV_011_08_vs_124_08_A_to_B,OpenCV,A_to_B,MAD22/original_sorted/OpenCV/011_08-vs-124_08.jpg,MAD22/original_sorted/BonaFide/011_08.jpg,MAD22/original_sorted/BonaFide/124_08.jpg,011_08,124_08,011_08,124_08
OpenCV_011_08_vs_124_08_B_to_A,OpenCV,B_to_A,MAD22/original_sorted/OpenCV/011_08-vs-124_08.jpg,MAD22/original_sorted/BonaFide/124_08.jpg,MAD22/original_sorted/BonaFide/011_08.jpg,124_08,011_08,011_08,124_08
OpenCV_011_08_vs_135_08_A_to_B,OpenCV,A_to_B,MAD22/original_sorted/OpenCV/011_08-vs-135_08.jpg,MAD22/original_sorted/BonaFide/011_08.jpg,MAD22/original_sorted/BonaFide/135_08.jpg,011_08,135_08,011_08,135_08
OpenCV_011_08_vs_135_08_B_to_A,OpenCV,B_to_A,MAD22/original_sorted/OpenCV/011_08-vs-135_08.jpg,MAD22/original_sorted/BonaFide/135_08.jpg,MAD22/original_sorted/BonaFide/011_08.jpg,135_08,011_08,011_08,135_08
OpenCV_011_08_vs_136_08_A_to_B,OpenCV,A_to_B,MAD22/original_sorted/OpenCV/011_08-vs-136_08.jpg,MAD22/original_sorted/BonaFide/011_08.jpg,MAD22/original_sorted/BonaFide/136_08.jpg,011_08,136_08,011_08,136_08
OpenCV_011_08_vs_136_08_B_to_A,OpenCV,B_to_A,MAD22/original_sorted/OpenCV/011_08-vs-136_08.jpg,MAD22/original_sorted/BonaFide/136_08.jpg,MAD22/original_sorted/BonaFide/011_08.jpg,136_08,011_08,011_08,136_08
OpenCV_012_03_vs_026_03_A_to_B,OpenCV,A_to_B,MAD22/original_sorted/OpenCV/012_03-vs-026_03.jpg,MAD22/original_sorted/BonaFide/012_03.jpg,MAD22/original_sorted/BonaFide/026_03.jpg,012_03,026_03,012_03,026_03
OpenCV_012_03_vs_026_03_B_to_A,OpenCV,B_to_A,MAD22/original_sorted/OpenCV/012_03-vs-026_03.jpg,MAD22/original_sorted/BonaFide/026_03.jpg,MAD22/original_sorted/BonaFide/012_03.jpg,026_03,012_03,012_03,026_03
OpenCV_012_03_vs_037_03_A_to_B,OpenCV,A_to_B,MAD22/original_sorted/OpenCV/012_03-vs-037_03.jpg,MAD22/original_sorted/BonaFide/012_03.jpg,MAD22/original_sorted/BonaFide/037_03.jpg,012_03,037_03,012_03,037_03
OpenCV_012_03_vs_037_03_B_to_A,OpenCV,B_to_A,MAD22/original_sorted/OpenCV/012_03-vs-037_03.jpg,MAD22/original_sorted/BonaFide/037_03.jpg,MAD22/original_sorted/BonaFide/012_03.jpg,037_03,012_03,012_03,037_03
OpenCV_012_03_vs_096_03_A_to_B,OpenCV,A_to_B,MAD22/original_sorted/OpenCV/012_03-vs-096_03.jpg,MAD22/original_sorted/BonaFide/012_03.jpg,MAD22/original_sorted/BonaFide/096_03.jpg,012_03,096_03,012_03,096_03
OpenCV_012_03_vs_096_03_B_to_A,OpenCV,B_to_A,MAD22/original_sorted/OpenCV/012_03-vs-096_03.jpg,MAD22/original_sorted/BonaFide/096_03.jpg,MAD22/original_sorted/BonaFide/012_03.jpg,096_03,012_03,012_03,096_03
OpenCV_012_03_vs_138_03_A_to_B,OpenCV,A_to_B,MAD22/original_sorted/OpenCV/012_03-vs-138_03.jpg,MAD22/original_sorted/BonaFide/012_03.jpg,MAD22/original_sorted/BonaFide/138_03.jpg,012_03,138_03,012_03,138_03
OpenCV_012_03_vs_138_03_B_to_A,OpenCV,B_to_A,MAD22/original_sorted/OpenCV/012_03-vs-138_03.jpg,MAD22/original_sorted/BonaFide/138_03.jpg,MAD22/original_sorted/BonaFide/012_03.jpg,138_03,012_03,012_03,138_03
OpenCV_012_03_vs_141_03_A_to_B,OpenCV,A_to_B,MAD22/original_sorted/OpenCV/012_03-vs-141_03.jpg,MAD22/original_sorted/BonaFide/012_03.jpg,MAD22/original_sorted/BonaFide/141_03.jpg,012_03,141_03,012_03,141_03
OpenCV_012_03_vs_141_03_B_to_A,OpenCV,B_to_A,MAD22/original_sorted/OpenCV/012_03-vs-141_03.jpg,MAD22/original_sorted/BonaFide/141_03.jpg,MAD22/original_sorted/BonaFide/012_03.jpg,141_03,012_03,012_03,141_03
OpenCV_012_08_vs_017_08_A_to_B,OpenCV,A_to_B,MAD22/original_sorted/OpenCV/012_08-vs-017_08.jpg,MAD22/original_sorted/BonaFide/012_08.jpg,MAD22/original_sorted/BonaFide/017_08.jpg,012_08,017_08,012_08,017_08
OpenCV_012_08_vs_017_08_B_to_A,OpenCV,B_to_A,MAD22/original_sorted/OpenCV/012_08-vs-017_08.jpg,MAD22/original_sorted/BonaFide/017_08.jpg,MAD22/original_sorted/BonaFide/012_08.jpg,017_08,012_08,012_08,017_08
OpenCV_012_08_vs_026_08_A_to_B,OpenCV,A_to_B,MAD22/original_sorted/OpenCV/012_08-vs-026_08.jpg,MAD22/original_sorted/BonaFide/012_08.jpg,MAD22/original_sorted/BonaFide/026_08.jpg,012_08,026_08,012_08,026_08
OpenCV_012_08_vs_026_08_B_to_A,OpenCV,B_to_A,MAD22/original_sorted/OpenCV/012_08-vs-026_08.jpg,MAD22/original_sorted/BonaFide/026_08.jpg,MAD22/original_sorted/BonaFide/012_08.jpg,026_08,012_08,012_08,026_08
OpenCV_012_08_vs_041_08_A_to_B,OpenCV,A_to_B,MAD22/original_sorted/OpenCV/012_08-vs-041_08.jpg,MAD22/original_sorted/BonaFide/012_08.jpg,MAD22/original_sorted/BonaFide/041_08.jpg,012_08,041_08,012_08,041_08
OpenCV_012_08_vs_041_08_B_to_A,OpenCV,B_to_A,MAD22/original_sorted/OpenCV/012_08-vs-041_08.jpg,MAD22/original_sorted/BonaFide/041_08.jpg,MAD22/original_sorted/BonaFide/012_08.jpg,041_08,012_08,012_08,041_08
OpenCV_012_08_vs_042_08_A_to_B,OpenCV,A_to_B,MAD22/original_sorted/OpenCV/012_08-vs-042_08.jpg,MAD22/original_sorted/BonaFide/012_08.jpg,MAD22/original_sorted/BonaFide/042_08.jpg,012_08,042_08,012_08,042_08
OpenCV_012_08_vs_042_08_B_to_A,OpenCV,B_to_A,MAD22/original_sorted/OpenCV/012_08-vs-042_08.jpg,MAD22/original_sorted/BonaFide/042_08.jpg,MAD22/original_sorted/BonaFide/012_08.jpg,042_08,012_08,012_08,042_08
OpenCV_012_08_vs_130_08_A_to_B,OpenCV,A_to_B,MAD22/original_sorted/OpenCV/012_08-vs-130_08.jpg,MAD22/original_sorted/BonaFide/012_08.jpg,MAD22/original_sorted/BonaFide/130_08.jpg,012_08,130_08,012_08,130_08
OpenCV_012_08_vs_130_08_B_to_A,OpenCV,B_to_A,MAD22/original_sorted/OpenCV/012_08-vs-130_08.jpg,MAD22/original_sorted/BonaFide/130_08.jpg,MAD22/original_sorted/BonaFide/012_08.jpg,130_08,012_08,012_08,130_08
OpenCV_012_08_vs_141_08_A_to_B,OpenCV,A_to_B,MAD22/original_sorted/OpenCV/012_08-vs-141_08.jpg,MAD22/original_sorted/BonaFide/012_08.jpg,MAD22/original_sorted/BonaFide/141_08.jpg,012_08,141_08,012_08,141_08
OpenCV_012_08_vs_141_08_B_to_A,OpenCV,B_to_A,MAD22/original_sorted/OpenCV/012_08-vs-141_08.jpg,MAD22/original_sorted/BonaFide/141_08.jpg,MAD22/original_sorted/BonaFide/012_08.jpg,141_08,012_08,012_08,141_08
OpenCV_012_08_vs_143_08_A_to_B,OpenCV,A_to_B,MAD22/original_sorted/OpenCV/012_08-vs-143_08.jpg,MAD22/original_sorted/BonaFide/012_08.jpg,MAD22/original_sorted/BonaFide/143_08.jpg,012_08,143_08,012_08,143_08
OpenCV_012_08_vs_143_08_B_to_A,OpenCV,B_to_A,MAD22/original_sorted/OpenCV/012_08-vs-143_08.jpg,MAD22/original_sorted/BonaFide/143_08.jpg,MAD22/original_sorted/BonaFide/012_08.jpg,143_08,012_08,012_08,143_08
OpenCV_013_08_vs_020_08_A_to_B,OpenCV,A_to_B,MAD22/original_sorted/OpenCV/013_08-vs-020_08.jpg,MAD22/original_sorted/BonaFide/013_08.jpg,MAD22/original_sorted/BonaFide/020_08.jpg,013_08,020_08,013_08,020_08
OpenCV_013_08_vs_020_08_B_to_A,OpenCV,B_to_A,MAD22/original_sorted/OpenCV/013_08-vs-020_08.jpg,MAD22/original_sorted/BonaFide/020_08.jpg,MAD22/original_sorted/BonaFide/013_08.jpg,020_08,013_08,013_08,020_08
OpenCV_013_08_vs_030_08_A_to_B,OpenCV,A_to_B,MAD22/original_sorted/OpenCV/013_08-vs-030_08.jpg,MAD22/original_sorted/BonaFide/013_08.jpg,MAD22/original_sorted/BonaFide/030_08.jpg,013_08,030_08,013_08,030_08
OpenCV_013_08_vs_030_08_B_to_A,OpenCV,B_to_A,MAD22/original_sorted/OpenCV/013_08-vs-030_08.jpg,MAD22/original_sorted/BonaFide/030_08.jpg,MAD22/original_sorted/BonaFide/013_08.jpg,030_08,013_08,013_08,030_08
OpenCV_013_08_vs_038_08_A_to_B,OpenCV,A_to_B,MAD22/original_sorted/OpenCV/013_08-vs-038_08.jpg,MAD22/original_sorted/BonaFide/013_08.jpg,MAD22/original_sorted/BonaFide/038_08.jpg,013_08,038_08,013_08,038_08
OpenCV_013_08_vs_038_08_B_to_A,OpenCV,B_to_A,MAD22/original_sorted/OpenCV/013_08-vs-038_08.jpg,MAD22/original_sorted/BonaFide/038_08.jpg,MAD22/original_sorted/BonaFide/013_08.jpg,038_08,013_08,013_08,038_08
OpenCV_013_08_vs_066_08_A_to_B,OpenCV,A_to_B,MAD22/original_sorted/OpenCV/013_08-vs-066_08.jpg,MAD22/original_sorted/BonaFide/013_08.jpg,MAD22/original_sorted/BonaFide/066_08.jpg,013_08,066_08,013_08,066_08
OpenCV_013_08_vs_066_08_B_to_A,OpenCV,B_to_A,MAD22/original_sorted/OpenCV/013_08-vs-066_08.jpg,MAD22/original_sorted/BonaFide/066_08.jpg,MAD22/original_sorted/BonaFide/013_08.jpg,066_08,013_08,013_08,066_08
OpenCV_013_08_vs_097_08_A_to_B,OpenCV,A_to_B,MAD22/original_sorted/OpenCV/013_08-vs-097_08.jpg,MAD22/original_sorted/BonaFide/013_08.jpg,MAD22/original_sorted/BonaFide/097_08.jpg,013_08,097_08,013_08,097_08
OpenCV_013_08_vs_097_08_B_to_A,OpenCV,B_to_A,MAD22/original_sorted/OpenCV/013_08-vs-097_08.jpg,MAD22/original_sorted/BonaFide/097_08.jpg,MAD22/original_sorted/BonaFide/013_08.jpg,097_08,013_08,013_08,097_08
OpenCV_013_08_vs_118_08_A_to_B,OpenCV,A_to_B,MAD22/original_sorted/OpenCV/013_08-vs-118_08.jpg,MAD22/original_sorted/BonaFide/013_08.jpg,MAD22/original_sorted/BonaFide/118_08.jpg,013_08,118_08,013_08,118_08
OpenCV_013_08_vs_118_08_B_to_A,OpenCV,B_to_A,MAD22/original_sorted/OpenCV/013_08-vs-118_08.jpg,MAD22/original_sorted/BonaFide/118_08.jpg,MAD22/original_sorted/BonaFide/013_08.jpg,118_08,013_08,013_08,118_08
OpenCV_014_03_vs_019_03_A_to_B,OpenCV,A_to_B,MAD22/original_sorted/OpenCV/014_03-vs-019_03.jpg,MAD22/original_sorted/BonaFide/014_03.jpg,MAD22/original_sorted/BonaFide/019_03.jpg,014_03,019_03,014_03,019_03
OpenCV_014_03_vs_019_03_B_to_A,OpenCV,B_to_A,MAD22/original_sorted/OpenCV/014_03-vs-019_03.jpg,MAD22/original_sorted/BonaFide/019_03.jpg,MAD22/original_sorted/BonaFide/014_03.jpg,019_03,014_03,014_03,019_03
OpenCV_014_03_vs_030_03_A_to_B,OpenCV,A_to_B,MAD22/original_sorted/OpenCV/014_03-vs-030_03.jpg,MAD22/original_sorted/BonaFide/014_03.jpg,MAD22/original_sorted/BonaFide/030_03.jpg,014_03,030_03,014_03,030_03
OpenCV_014_03_vs_030_03_B_to_A,OpenCV,B_to_A,MAD22/original_sorted/OpenCV/014_03-vs-030_03.jpg,MAD22/original_sorted/BonaFide/030_03.jpg,MAD22/original_sorted/BonaFide/014_03.jpg,030_03,014_03,014_03,030_03
OpenCV_014_03_vs_038_03_A_to_B,OpenCV,A_to_B,MAD22/original_sorted/OpenCV/014_03-vs-038_03.jpg,MAD22/original_sorted/BonaFide/014_03.jpg,MAD22/original_sorted/BonaFide/038_03.jpg,014_03,038_03,014_03,038_03
OpenCV_014_03_vs_038_03_B_to_A,OpenCV,B_to_A,MAD22/original_sorted/OpenCV/014_03-vs-038_03.jpg,MAD22/original_sorted/BonaFide/038_03.jpg,MAD22/original_sorted/BonaFide/014_03.jpg,038_03,014_03,014_03,038_03
OpenCV_014_03_vs_122_03_A_to_B,OpenCV,A_to_B,MAD22/original_sorted/OpenCV/014_03-vs-122_03.jpg,MAD22/original_sorted/BonaFide/014_03.jpg,MAD22/original_sorted/BonaFide/122_03.jpg,014_03,122_03,014_03,122_03
OpenCV_014_03_vs_122_03_B_to_A,OpenCV,B_to_A,MAD22/original_sorted/OpenCV/014_03-vs-122_03.jpg,MAD22/original_sorted/BonaFide/122_03.jpg,MAD22/original_sorted/BonaFide/014_03.jpg,122_03,014_03,014_03,122_03
OpenCV_014_03_vs_134_03_A_to_B,OpenCV,A_to_B,MAD22/original_sorted/OpenCV/014_03-vs-134_03.jpg,MAD22/original_sorted/BonaFide/014_03.jpg,MAD22/original_sorted/BonaFide/134_03.jpg,014_03,134_03,014_03,134_03
OpenCV_014_03_vs_134_03_B_to_A,OpenCV,B_to_A,MAD22/original_sorted/OpenCV/014_03-vs-134_03.jpg,MAD22/original_sorted/BonaFide/134_03.jpg,MAD22/original_sorted/BonaFide/014_03.jpg,134_03,014_03,014_03,134_03
OpenCV_014_08_vs_038_08_A_to_B,OpenCV,A_to_B,MAD22/original_sorted/OpenCV/014_08-vs-038_08.jpg,MAD22/original_sorted/BonaFide/014_08.jpg,MAD22/original_sorted/BonaFide/038_08.jpg,014_08,038_08,014_08,038_08
OpenCV_014_08_vs_038_08_B_to_A,OpenCV,B_to_A,MAD22/original_sorted/OpenCV/014_08-vs-038_08.jpg,MAD22/original_sorted/BonaFide/038_08.jpg,MAD22/original_sorted/BonaFide/014_08.jpg,038_08,014_08,014_08,038_08
OpenCV_014_08_vs_122_08_A_to_B,OpenCV,A_to_B,MAD22/original_sorted/OpenCV/014_08-vs-122_08.jpg,MAD22/original_sorted/BonaFide/014_08.jpg,MAD22/original_sorted/BonaFide/122_08.jpg,014_08,122_08,014_08,122_08
OpenCV_014_08_vs_122_08_B_to_A,OpenCV,B_to_A,MAD22/original_sorted/OpenCV/014_08-vs-122_08.jpg,MAD22/original_sorted/BonaFide/122_08.jpg,MAD22/original_sorted/BonaFide/014_08.jpg,122_08,014_08,014_08,122_08
OpenCV_014_08_vs_134_08_A_to_B,OpenCV,A_to_B,MAD22/original_sorted/OpenCV/014_08-vs-134_08.jpg,MAD22/original_sorted/BonaFide/014_08.jpg,MAD22/original_sorted/BonaFide/134_08.jpg,014_08,134_08,014_08,134_08
OpenCV_014_08_vs_134_08_B_to_A,OpenCV,B_to_A,MAD22/original_sorted/OpenCV/014_08-vs-134_08.jpg,MAD22/original_sorted/BonaFide/134_08.jpg,MAD22/original_sorted/BonaFide/014_08.jpg,134_08,014_08,014_08,134_08
OpenCV_016_03_vs_027_03_A_to_B,OpenCV,A_to_B,MAD22/original_sorted/OpenCV/016_03-vs-027_03.jpg,MAD22/original_sorted/BonaFide/016_03.jpg,MAD22/original_sorted/BonaFide/027_03.jpg,016_03,027_03,016_03,027_03
OpenCV_016_03_vs_027_03_B_to_A,OpenCV,B_to_A,MAD22/original_sorted/OpenCV/016_03-vs-027_03.jpg,MAD22/original_sorted/BonaFide/027_03.jpg,MAD22/original_sorted/BonaFide/016_03.jpg,027_03,016_03,016_03,027_03
OpenCV_016_08_vs_025_08_A_to_B,OpenCV,A_to_B,MAD22/original_sorted/OpenCV/016_08-vs-025_08.jpg,MAD22/original_sorted/BonaFide/016_08.jpg,MAD22/original_sorted/BonaFide/025_08.jpg,016_08,025_08,016_08,025_08
OpenCV_016_08_vs_025_08_B_to_A,OpenCV,B_to_A,MAD22/original_sorted/OpenCV/016_08-vs-025_08.jpg,MAD22/original_sorted/BonaFide/025_08.jpg,MAD22/original_sorted/BonaFide/016_08.jpg,025_08,016_08,016_08,025_08
OpenCV_016_08_vs_081_08_A_to_B,OpenCV,A_to_B,MAD22/original_sorted/OpenCV/016_08-vs-081_08.jpg,MAD22/original_sorted/BonaFide/016_08.jpg,MAD22/original_sorted/BonaFide/081_08.jpg,016_08,081_08,016_08,081_08
OpenCV_016_08_vs_081_08_B_to_A,OpenCV,B_to_A,MAD22/original_sorted/OpenCV/016_08-vs-081_08.jpg,MAD22/original_sorted/BonaFide/081_08.jpg,MAD22/original_sorted/BonaFide/016_08.jpg,081_08,016_08,016_08,081_08
OpenCV_016_08_vs_083_08_A_to_B,OpenCV,A_to_B,MAD22/original_sorted/OpenCV/016_08-vs-083_08.jpg,MAD22/original_sorted/BonaFide/016_08.jpg,MAD22/original_sorted/BonaFide/083_08.jpg,016_08,083_08,016_08,083_08
OpenCV_016_08_vs_083_08_B_to_A,OpenCV,B_to_A,MAD22/original_sorted/OpenCV/016_08-vs-083_08.jpg,MAD22/original_sorted/BonaFide/083_08.jpg,MAD22/original_sorted/BonaFide/016_08.jpg,083_08,016_08,016_08,083_08
OpenCV_016_08_vs_086_08_A_to_B,OpenCV,A_to_B,MAD22/original_sorted/OpenCV/016_08-vs-086_08.jpg,MAD22/original_sorted/BonaFide/016_08.jpg,MAD22/original_sorted/BonaFide/086_08.jpg,016_08,086_08,016_08,086_08
OpenCV_016_08_vs_086_08_B_to_A,OpenCV,B_to_A,MAD22/original_sorted/OpenCV/016_08-vs-086_08.jpg,MAD22/original_sorted/BonaFide/086_08.jpg,MAD22/original_sorted/BonaFide/016_08.jpg,086_08,016_08,016_08,086_08
OpenCV_016_08_vs_144_08_A_to_B,OpenCV,A_to_B,MAD22/original_sorted/OpenCV/016_08-vs-144_08.jpg,MAD22/original_sorted/BonaFide/016_08.jpg,MAD22/original_sorted/BonaFide/144_08.jpg,016_08,144_08,016_08,144_08
OpenCV_016_08_vs_144_08_B_to_A,OpenCV,B_to_A,MAD22/original_sorted/OpenCV/016_08-vs-144_08.jpg,MAD22/original_sorted/BonaFide/144_08.jpg,MAD22/original_sorted/BonaFide/016_08.jpg,144_08,016_08,016_08,144_08
OpenCV_017_08_vs_024_08_A_to_B,OpenCV,A_to_B,MAD22/original_sorted/OpenCV/017_08-vs-024_08.jpg,MAD22/original_sorted/BonaFide/017_08.jpg,MAD22/original_sorted/BonaFide/024_08.jpg,017_08,024_08,017_08,024_08
OpenCV_017_08_vs_024_08_B_to_A,OpenCV,B_to_A,MAD22/original_sorted/OpenCV/017_08-vs-024_08.jpg,MAD22/original_sorted/BonaFide/024_08.jpg,MAD22/original_sorted/BonaFide/017_08.jpg,024_08,017_08,017_08,024_08
OpenCV_017_08_vs_036_08_A_to_B,OpenCV,A_to_B,MAD22/original_sorted/OpenCV/017_08-vs-036_08.jpg,MAD22/original_sorted/BonaFide/017_08.jpg,MAD22/original_sorted/BonaFide/036_08.jpg,017_08,036_08,017_08,036_08
OpenCV_017_08_vs_036_08_B_to_A,OpenCV,B_to_A,MAD22/original_sorted/OpenCV/017_08-vs-036_08.jpg,MAD22/original_sorted/BonaFide/036_08.jpg,MAD22/original_sorted/BonaFide/017_08.jpg,036_08,017_08,017_08,036_08
OpenCV_017_08_vs_067_08_A_to_B,OpenCV,A_to_B,MAD22/original_sorted/OpenCV/017_08-vs-067_08.jpg,MAD22/original_sorted/BonaFide/017_08.jpg,MAD22/original_sorted/BonaFide/067_08.jpg,017_08,067_08,017_08,067_08
OpenCV_017_08_vs_067_08_B_to_A,OpenCV,B_to_A,MAD22/original_sorted/OpenCV/017_08-vs-067_08.jpg,MAD22/original_sorted/BonaFide/067_08.jpg,MAD22/original_sorted/BonaFide/017_08.jpg,067_08,017_08,017_08,067_08
OpenCV_017_08_vs_128_08_A_to_B,OpenCV,A_to_B,MAD22/original_sorted/OpenCV/017_08-vs-128_08.jpg,MAD22/original_sorted/BonaFide/017_08.jpg,MAD22/original_sorted/BonaFide/128_08.jpg,017_08,128_08,017_08,128_08
OpenCV_017_08_vs_128_08_B_to_A,OpenCV,B_to_A,MAD22/original_sorted/OpenCV/017_08-vs-128_08.jpg,MAD22/original_sorted/BonaFide/128_08.jpg,MAD22/original_sorted/BonaFide/017_08.jpg,128_08,017_08,017_08,128_08
OpenCV_017_08_vs_130_08_A_to_B,OpenCV,A_to_B,MAD22/original_sorted/OpenCV/017_08-vs-130_08.jpg,MAD22/original_sorted/BonaFide/017_08.jpg,MAD22/original_sorted/BonaFide/130_08.jpg,017_08,130_08,017_08,130_08
OpenCV_017_08_vs_130_08_B_to_A,OpenCV,B_to_A,MAD22/original_sorted/OpenCV/017_08-vs-130_08.jpg,MAD22/original_sorted/BonaFide/130_08.jpg,MAD22/original_sorted/BonaFide/017_08.jpg,130_08,017_08,017_08,130_08
OpenCV_017_08_vs_141_08_A_to_B,OpenCV,A_to_B,MAD22/original_sorted/OpenCV/017_08-vs-141_08.jpg,MAD22/original_sorted/BonaFide/017_08.jpg,MAD22/original_sorted/BonaFide/141_08.jpg,017_08,141_08,017_08,141_08
OpenCV_017_08_vs_141_08_B_to_A,OpenCV,B_to_A,MAD22/original_sorted/OpenCV/017_08-vs-141_08.jpg,MAD22/original_sorted/BonaFide/141_08.jpg,MAD22/original_sorted/BonaFide/017_08.jpg,141_08,017_08,017_08,141_08
OpenCV_018_03_vs_061_03_A_to_B,OpenCV,A_to_B,MAD22/original_sorted/OpenCV/018_03-vs-061_03.jpg,MAD22/original_sorted/BonaFide/018_03.jpg,MAD22/original_sorted/BonaFide/061_03.jpg,018_03,061_03,018_03,061_03
OpenCV_018_03_vs_061_03_B_to_A,OpenCV,B_to_A,MAD22/original_sorted/OpenCV/018_03-vs-061_03.jpg,MAD22/original_sorted/BonaFide/061_03.jpg,MAD22/original_sorted/BonaFide/018_03.jpg,061_03,018_03,018_03,061_03
OpenCV_018_03_vs_063_03_A_to_B,OpenCV,A_to_B,MAD22/original_sorted/OpenCV/018_03-vs-063_03.jpg,MAD22/original_sorted/BonaFide/018_03.jpg,MAD22/original_sorted/BonaFide/063_03.jpg,018_03,063_03,018_03,063_03
OpenCV_018_03_vs_063_03_B_to_A,OpenCV,B_to_A,MAD22/original_sorted/OpenCV/018_03-vs-063_03.jpg,MAD22/original_sorted/BonaFide/063_03.jpg,MAD22/original_sorted/BonaFide/018_03.jpg,063_03,018_03,018_03,063_03
OpenCV_018_03_vs_101_03_A_to_B,OpenCV,A_to_B,MAD22/original_sorted/OpenCV/018_03-vs-101_03.jpg,MAD22/original_sorted/BonaFide/018_03.jpg,MAD22/original_sorted/BonaFide/101_03.jpg,018_03,101_03,018_03,101_03
OpenCV_018_03_vs_101_03_B_to_A,OpenCV,B_to_A,MAD22/original_sorted/OpenCV/018_03-vs-101_03.jpg,MAD22/original_sorted/BonaFide/101_03.jpg,MAD22/original_sorted/BonaFide/018_03.jpg,101_03,018_03,018_03,101_03
OpenCV_018_03_vs_131_03_A_to_B,OpenCV,A_to_B,MAD22/original_sorted/OpenCV/018_03-vs-131_03.jpg,MAD22/original_sorted/BonaFide/018_03.jpg,MAD22/original_sorted/BonaFide/131_03.jpg,018_03,131_03,018_03,131_03
OpenCV_018_03_vs_131_03_B_to_A,OpenCV,B_to_A,MAD22/original_sorted/OpenCV/018_03-vs-131_03.jpg,MAD22/original_sorted/BonaFide/131_03.jpg,MAD22/original_sorted/BonaFide/018_03.jpg,131_03,018_03,018_03,131_03
OpenCV_018_03_vs_138_03_A_to_B,OpenCV,A_to_B,MAD22/original_sorted/OpenCV/018_03-vs-138_03.jpg,MAD22/original_sorted/BonaFide/018_03.jpg,MAD22/original_sorted/BonaFide/138_03.jpg,018_03,138_03,018_03,138_03
OpenCV_018_03_vs_138_03_B_to_A,OpenCV,B_to_A,MAD22/original_sorted/OpenCV/018_03-vs-138_03.jpg,MAD22/original_sorted/BonaFide/138_03.jpg,MAD22/original_sorted/BonaFide/018_03.jpg,138_03,018_03,018_03,138_03
OpenCV_018_08_vs_061_08_A_to_B,OpenCV,A_to_B,MAD22/original_sorted/OpenCV/018_08-vs-061_08.jpg,MAD22/original_sorted/BonaFide/018_08.jpg,MAD22/original_sorted/BonaFide/061_08.jpg,018_08,061_08,018_08,061_08
OpenCV_018_08_vs_061_08_B_to_A,OpenCV,B_to_A,MAD22/original_sorted/OpenCV/018_08-vs-061_08.jpg,MAD22/original_sorted/BonaFide/061_08.jpg,MAD22/original_sorted/BonaFide/018_08.jpg,061_08,018_08,018_08,061_08
OpenCV_018_08_vs_069_08_A_to_B,OpenCV,A_to_B,MAD22/original_sorted/OpenCV/018_08-vs-069_08.jpg,MAD22/original_sorted/BonaFide/018_08.jpg,MAD22/original_sorted/BonaFide/069_08.jpg,018_08,069_08,018_08,069_08
OpenCV_018_08_vs_069_08_B_to_A,OpenCV,B_to_A,MAD22/original_sorted/OpenCV/018_08-vs-069_08.jpg,MAD22/original_sorted/BonaFide/069_08.jpg,MAD22/original_sorted/BonaFide/018_08.jpg,069_08,018_08,018_08,069_08
OpenCV_018_08_vs_092_08_A_to_B,OpenCV,A_to_B,MAD22/original_sorted/OpenCV/018_08-vs-092_08.jpg,MAD22/original_sorted/BonaFide/018_08.jpg,MAD22/original_sorted/BonaFide/092_08.jpg,018_08,092_08,018_08,092_08
OpenCV_018_08_vs_092_08_B_to_A,OpenCV,B_to_A,MAD22/original_sorted/OpenCV/018_08-vs-092_08.jpg,MAD22/original_sorted/BonaFide/092_08.jpg,MAD22/original_sorted/BonaFide/018_08.jpg,092_08,018_08,018_08,092_08
OpenCV_018_08_vs_101_08_A_to_B,OpenCV,A_to_B,MAD22/original_sorted/OpenCV/018_08-vs-101_08.jpg,MAD22/original_sorted/BonaFide/018_08.jpg,MAD22/original_sorted/BonaFide/101_08.jpg,018_08,101_08,018_08,101_08
OpenCV_018_08_vs_101_08_B_to_A,OpenCV,B_to_A,MAD22/original_sorted/OpenCV/018_08-vs-101_08.jpg,MAD22/original_sorted/BonaFide/101_08.jpg,MAD22/original_sorted/BonaFide/018_08.jpg,101_08,018_08,018_08,101_08
OpenCV_018_08_vs_119_08_A_to_B,OpenCV,A_to_B,MAD22/original_sorted/OpenCV/018_08-vs-119_08.jpg,MAD22/original_sorted/BonaFide/018_08.jpg,MAD22/original_sorted/BonaFide/119_08.jpg,018_08,119_08,018_08,119_08
OpenCV_018_08_vs_119_08_B_to_A,OpenCV,B_to_A,MAD22/original_sorted/OpenCV/018_08-vs-119_08.jpg,MAD22/original_sorted/BonaFide/119_08.jpg,MAD22/original_sorted/BonaFide/018_08.jpg,119_08,018_08,018_08,119_08
OpenCV_018_08_vs_121_08_A_to_B,OpenCV,A_to_B,MAD22/original_sorted/OpenCV/018_08-vs-121_08.jpg,MAD22/original_sorted/BonaFide/018_08.jpg,MAD22/original_sorted/BonaFide/121_08.jpg,018_08,121_08,018_08,121_08
OpenCV_018_08_vs_121_08_B_to_A,OpenCV,B_to_A,MAD22/original_sorted/OpenCV/018_08-vs-121_08.jpg,MAD22/original_sorted/BonaFide/121_08.jpg,MAD22/original_sorted/BonaFide/018_08.jpg,121_08,018_08,018_08,121_08
OpenCV_018_08_vs_132_08_A_to_B,OpenCV,A_to_B,MAD22/original_sorted/OpenCV/018_08-vs-132_08.jpg,MAD22/original_sorted/BonaFide/018_08.jpg,MAD22/original_sorted/BonaFide/132_08.jpg,018_08,132_08,018_08,132_08
OpenCV_018_08_vs_132_08_B_to_A,OpenCV,B_to_A,MAD22/original_sorted/OpenCV/018_08-vs-132_08.jpg,MAD22/original_sorted/BonaFide/132_08.jpg,MAD22/original_sorted/BonaFide/018_08.jpg,132_08,018_08,018_08,132_08
OpenCV_018_08_vs_140_08_A_to_B,OpenCV,A_to_B,MAD22/original_sorted/OpenCV/018_08-vs-140_08.jpg,MAD22/original_sorted/BonaFide/018_08.jpg,MAD22/original_sorted/BonaFide/140_08.jpg,018_08,140_08,018_08,140_08
OpenCV_018_08_vs_140_08_B_to_A,OpenCV,B_to_A,MAD22/original_sorted/OpenCV/018_08-vs-140_08.jpg,MAD22/original_sorted/BonaFide/140_08.jpg,MAD22/original_sorted/BonaFide/018_08.jpg,140_08,018_08,018_08,140_08
OpenCV_018_08_vs_172_08_A_to_B,OpenCV,A_to_B,MAD22/original_sorted/OpenCV/018_08-vs-172_08.jpg,MAD22/original_sorted/BonaFide/018_08.jpg,MAD22/original_sorted/BonaFide/172_08.jpg,018_08,172_08,018_08,172_08
OpenCV_018_08_vs_172_08_B_to_A,OpenCV,B_to_A,MAD22/original_sorted/OpenCV/018_08-vs-172_08.jpg,MAD22/original_sorted/BonaFide/172_08.jpg,MAD22/original_sorted/BonaFide/018_08.jpg,172_08,018_08,018_08,172_08
OpenCV_019_03_vs_027_03_A_to_B,OpenCV,A_to_B,MAD22/original_sorted/OpenCV/019_03-vs-027_03.jpg,MAD22/original_sorted/BonaFide/019_03.jpg,MAD22/original_sorted/BonaFide/027_03.jpg,019_03,027_03,019_03,027_03
OpenCV_019_03_vs_027_03_B_to_A,OpenCV,B_to_A,MAD22/original_sorted/OpenCV/019_03-vs-027_03.jpg,MAD22/original_sorted/BonaFide/027_03.jpg,MAD22/original_sorted/BonaFide/019_03.jpg,027_03,019_03,019_03,027_03
OpenCV_019_03_vs_100_03_A_to_B,OpenCV,A_to_B,MAD22/original_sorted/OpenCV/019_03-vs-100_03.jpg,MAD22/original_sorted/BonaFide/019_03.jpg,MAD22/original_sorted/BonaFide/100_03.jpg,019_03,100_03,019_03,100_03
OpenCV_019_03_vs_100_03_B_to_A,OpenCV,B_to_A,MAD22/original_sorted/OpenCV/019_03-vs-100_03.jpg,MAD22/original_sorted/BonaFide/100_03.jpg,MAD22/original_sorted/BonaFide/019_03.jpg,100_03,019_03,019_03,100_03
OpenCV_019_08_vs_027_08_A_to_B,OpenCV,A_to_B,MAD22/original_sorted/OpenCV/019_08-vs-027_08.jpg,MAD22/original_sorted/BonaFide/019_08.jpg,MAD22/original_sorted/BonaFide/027_08.jpg,019_08,027_08,019_08,027_08
OpenCV_019_08_vs_027_08_B_to_A,OpenCV,B_to_A,MAD22/original_sorted/OpenCV/019_08-vs-027_08.jpg,MAD22/original_sorted/BonaFide/027_08.jpg,MAD22/original_sorted/BonaFide/019_08.jpg,027_08,019_08,019_08,027_08
OpenCV_019_08_vs_039_08_A_to_B,OpenCV,A_to_B,MAD22/original_sorted/OpenCV/019_08-vs-039_08.jpg,MAD22/original_sorted/BonaFide/019_08.jpg,MAD22/original_sorted/BonaFide/039_08.jpg,019_08,039_08,019_08,039_08
OpenCV_019_08_vs_039_08_B_to_A,OpenCV,B_to_A,MAD22/original_sorted/OpenCV/019_08-vs-039_08.jpg,MAD22/original_sorted/BonaFide/039_08.jpg,MAD22/original_sorted/BonaFide/019_08.jpg,039_08,019_08,019_08,039_08
OpenCV_019_08_vs_083_08_A_to_B,OpenCV,A_to_B,MAD22/original_sorted/OpenCV/019_08-vs-083_08.jpg,MAD22/original_sorted/BonaFide/019_08.jpg,MAD22/original_sorted/BonaFide/083_08.jpg,019_08,083_08,019_08,083_08
OpenCV_019_08_vs_083_08_B_to_A,OpenCV,B_to_A,MAD22/original_sorted/OpenCV/019_08-vs-083_08.jpg,MAD22/original_sorted/BonaFide/083_08.jpg,MAD22/original_sorted/BonaFide/019_08.jpg,083_08,019_08,019_08,083_08
OpenCV_019_08_vs_097_08_A_to_B,OpenCV,A_to_B,MAD22/original_sorted/OpenCV/019_08-vs-097_08.jpg,MAD22/original_sorted/BonaFide/019_08.jpg,MAD22/original_sorted/BonaFide/097_08.jpg,019_08,097_08,019_08,097_08
OpenCV_019_08_vs_097_08_B_to_A,OpenCV,B_to_A,MAD22/original_sorted/OpenCV/019_08-vs-097_08.jpg,MAD22/original_sorted/BonaFide/097_08.jpg,MAD22/original_sorted/BonaFide/019_08.jpg,097_08,019_08,019_08,097_08
OpenCV_019_08_vs_102_08_A_to_B,OpenCV,A_to_B,MAD22/original_sorted/OpenCV/019_08-vs-102_08.jpg,MAD22/original_sorted/BonaFide/019_08.jpg,MAD22/original_sorted/BonaFide/102_08.jpg,019_08,102_08,019_08,102_08
OpenCV_019_08_vs_102_08_B_to_A,OpenCV,B_to_A,MAD22/original_sorted/OpenCV/019_08-vs-102_08.jpg,MAD22/original_sorted/BonaFide/102_08.jpg,MAD22/original_sorted/BonaFide/019_08.jpg,102_08,019_08,019_08,102_08
OpenCV_019_08_vs_122_08_A_to_B,OpenCV,A_to_B,MAD22/original_sorted/OpenCV/019_08-vs-122_08.jpg,MAD22/original_sorted/BonaFide/019_08.jpg,MAD22/original_sorted/BonaFide/122_08.jpg,019_08,122_08,019_08,122_08
OpenCV_019_08_vs_122_08_B_to_A,OpenCV,B_to_A,MAD22/original_sorted/OpenCV/019_08-vs-122_08.jpg,MAD22/original_sorted/BonaFide/122_08.jpg,MAD22/original_sorted/BonaFide/019_08.jpg,122_08,019_08,019_08,122_08
OpenCV_019_08_vs_135_08_A_to_B,OpenCV,A_to_B,MAD22/original_sorted/OpenCV/019_08-vs-135_08.jpg,MAD22/original_sorted/BonaFide/019_08.jpg,MAD22/original_sorted/BonaFide/135_08.jpg,019_08,135_08,019_08,135_08
OpenCV_019_08_vs_135_08_B_to_A,OpenCV,B_to_A,MAD22/original_sorted/OpenCV/019_08-vs-135_08.jpg,MAD22/original_sorted/BonaFide/135_08.jpg,MAD22/original_sorted/BonaFide/019_08.jpg,135_08,019_08,019_08,135_08
OpenCV_019_08_vs_139_08_A_to_B,OpenCV,A_to_B,MAD22/original_sorted/OpenCV/019_08-vs-139_08.jpg,MAD22/original_sorted/BonaFide/019_08.jpg,MAD22/original_sorted/BonaFide/139_08.jpg,019_08,139_08,019_08,139_08
OpenCV_019_08_vs_139_08_B_to_A,OpenCV,B_to_A,MAD22/original_sorted/OpenCV/019_08-vs-139_08.jpg,MAD22/original_sorted/BonaFide/139_08.jpg,MAD22/original_sorted/BonaFide/019_08.jpg,139_08,019_08,019_08,139_08
OpenCV_019_08_vs_144_08_A_to_B,OpenCV,A_to_B,MAD22/original_sorted/OpenCV/019_08-vs-144_08.jpg,MAD22/original_sorted/BonaFide/019_08.jpg,MAD22/original_sorted/BonaFide/144_08.jpg,019_08,144_08,019_08,144_08
OpenCV_019_08_vs_144_08_B_to_A,OpenCV,B_to_A,MAD22/original_sorted/OpenCV/019_08-vs-144_08.jpg,MAD22/original_sorted/BonaFide/144_08.jpg,MAD22/original_sorted/BonaFide/019_08.jpg,144_08,019_08,019_08,144_08
OpenCV_020_03_vs_062_03_A_to_B,OpenCV,A_to_B,MAD22/original_sorted/OpenCV/020_03-vs-062_03.jpg,MAD22/original_sorted/BonaFide/020_03.jpg,MAD22/original_sorted/BonaFide/062_03.jpg,020_03,062_03,020_03,062_03
OpenCV_020_03_vs_062_03_B_to_A,OpenCV,B_to_A,MAD22/original_sorted/OpenCV/020_03-vs-062_03.jpg,MAD22/original_sorted/BonaFide/062_03.jpg,MAD22/original_sorted/BonaFide/020_03.jpg,062_03,020_03,020_03,062_03
OpenCV_020_08_vs_064_08_A_to_B,OpenCV,A_to_B,MAD22/original_sorted/OpenCV/020_08-vs-064_08.jpg,MAD22/original_sorted/BonaFide/020_08.jpg,MAD22/original_sorted/BonaFide/064_08.jpg,020_08,064_08,020_08,064_08
OpenCV_020_08_vs_064_08_B_to_A,OpenCV,B_to_A,MAD22/original_sorted/OpenCV/020_08-vs-064_08.jpg,MAD22/original_sorted/BonaFide/064_08.jpg,MAD22/original_sorted/BonaFide/020_08.jpg,064_08,020_08,020_08,064_08
OpenCV_020_08_vs_099_08_A_to_B,OpenCV,A_to_B,MAD22/original_sorted/OpenCV/020_08-vs-099_08.jpg,MAD22/original_sorted/BonaFide/020_08.jpg,MAD22/original_sorted/BonaFide/099_08.jpg,020_08,099_08,020_08,099_08
OpenCV_020_08_vs_099_08_B_to_A,OpenCV,B_to_A,MAD22/original_sorted/OpenCV/020_08-vs-099_08.jpg,MAD22/original_sorted/BonaFide/099_08.jpg,MAD22/original_sorted/BonaFide/020_08.jpg,099_08,020_08,020_08,099_08
OpenCV_021_03_vs_029_03_A_to_B,OpenCV,A_to_B,MAD22/original_sorted/OpenCV/021_03-vs-029_03.jpg,MAD22/original_sorted/BonaFide/021_03.jpg,MAD22/original_sorted/BonaFide/029_03.jpg,021_03,029_03,021_03,029_03
OpenCV_021_03_vs_029_03_B_to_A,OpenCV,B_to_A,MAD22/original_sorted/OpenCV/021_03-vs-029_03.jpg,MAD22/original_sorted/BonaFide/029_03.jpg,MAD22/original_sorted/BonaFide/021_03.jpg,029_03,021_03,021_03,029_03
OpenCV_021_03_vs_037_03_A_to_B,OpenCV,A_to_B,MAD22/original_sorted/OpenCV/021_03-vs-037_03.jpg,MAD22/original_sorted/BonaFide/021_03.jpg,MAD22/original_sorted/BonaFide/037_03.jpg,021_03,037_03,021_03,037_03
OpenCV_021_03_vs_037_03_B_to_A,OpenCV,B_to_A,MAD22/original_sorted/OpenCV/021_03-vs-037_03.jpg,MAD22/original_sorted/BonaFide/037_03.jpg,MAD22/original_sorted/BonaFide/021_03.jpg,037_03,021_03,021_03,037_03
OpenCV_021_03_vs_121_03_A_to_B,OpenCV,A_to_B,MAD22/original_sorted/OpenCV/021_03-vs-121_03.jpg,MAD22/original_sorted/BonaFide/021_03.jpg,MAD22/original_sorted/BonaFide/121_03.jpg,021_03,121_03,021_03,121_03
OpenCV_021_03_vs_121_03_B_to_A,OpenCV,B_to_A,MAD22/original_sorted/OpenCV/021_03-vs-121_03.jpg,MAD22/original_sorted/BonaFide/121_03.jpg,MAD22/original_sorted/BonaFide/021_03.jpg,121_03,021_03,021_03,121_03
OpenCV_021_03_vs_125_03_A_to_B,OpenCV,A_to_B,MAD22/original_sorted/OpenCV/021_03-vs-125_03.jpg,MAD22/original_sorted/BonaFide/021_03.jpg,MAD22/original_sorted/BonaFide/125_03.jpg,021_03,125_03,021_03,125_03
OpenCV_021_03_vs_125_03_B_to_A,OpenCV,B_to_A,MAD22/original_sorted/OpenCV/021_03-vs-125_03.jpg,MAD22/original_sorted/BonaFide/125_03.jpg,MAD22/original_sorted/BonaFide/021_03.jpg,125_03,021_03,021_03,125_03
OpenCV_021_03_vs_173_03_A_to_B,OpenCV,A_to_B,MAD22/original_sorted/OpenCV/021_03-vs-173_03.jpg,MAD22/original_sorted/BonaFide/021_03.jpg,MAD22/original_sorted/BonaFide/173_03.jpg,021_03,173_03,021_03,173_03
OpenCV_021_03_vs_173_03_B_to_A,OpenCV,B_to_A,MAD22/original_sorted/OpenCV/021_03-vs-173_03.jpg,MAD22/original_sorted/BonaFide/173_03.jpg,MAD22/original_sorted/BonaFide/021_03.jpg,173_03,021_03,021_03,173_03
OpenCV_021_08_vs_029_08_A_to_B,OpenCV,A_to_B,MAD22/original_sorted/OpenCV/021_08-vs-029_08.jpg,MAD22/original_sorted/BonaFide/021_08.jpg,MAD22/original_sorted/BonaFide/029_08.jpg,021_08,029_08,021_08,029_08
OpenCV_021_08_vs_029_08_B_to_A,OpenCV,B_to_A,MAD22/original_sorted/OpenCV/021_08-vs-029_08.jpg,MAD22/original_sorted/BonaFide/029_08.jpg,MAD22/original_sorted/BonaFide/021_08.jpg,029_08,021_08,021_08,029_08
OpenCV_021_08_vs_121_08_A_to_B,OpenCV,A_to_B,MAD22/original_sorted/OpenCV/021_08-vs-121_08.jpg,MAD22/original_sorted/BonaFide/021_08.jpg,MAD22/original_sorted/BonaFide/121_08.jpg,021_08,121_08,021_08,121_08
OpenCV_021_08_vs_121_08_B_to_A,OpenCV,B_to_A,MAD22/original_sorted/OpenCV/021_08-vs-121_08.jpg,MAD22/original_sorted/BonaFide/121_08.jpg,MAD22/original_sorted/BonaFide/021_08.jpg,121_08,021_08,021_08,121_08
OpenCV_021_08_vs_125_08_A_to_B,OpenCV,A_to_B,MAD22/original_sorted/OpenCV/021_08-vs-125_08.jpg,MAD22/original_sorted/BonaFide/021_08.jpg,MAD22/original_sorted/BonaFide/125_08.jpg,021_08,125_08,021_08,125_08
OpenCV_021_08_vs_125_08_B_to_A,OpenCV,B_to_A,MAD22/original_sorted/OpenCV/021_08-vs-125_08.jpg,MAD22/original_sorted/BonaFide/125_08.jpg,MAD22/original_sorted/BonaFide/021_08.jpg,125_08,021_08,021_08,125_08
OpenCV_021_08_vs_130_08_A_to_B,OpenCV,A_to_B,MAD22/original_sorted/OpenCV/021_08-vs-130_08.jpg,MAD22/original_sorted/BonaFide/021_08.jpg,MAD22/original_sorted/BonaFide/130_08.jpg,021_08,130_08,021_08,130_08
OpenCV_021_08_vs_130_08_B_to_A,OpenCV,B_to_A,MAD22/original_sorted/OpenCV/021_08-vs-130_08.jpg,MAD22/original_sorted/BonaFide/130_08.jpg,MAD22/original_sorted/BonaFide/021_08.jpg,130_08,021_08,021_08,130_08
OpenCV_021_08_vs_132_08_A_to_B,OpenCV,A_to_B,MAD22/original_sorted/OpenCV/021_08-vs-132_08.jpg,MAD22/original_sorted/BonaFide/021_08.jpg,MAD22/original_sorted/BonaFide/132_08.jpg,021_08,132_08,021_08,132_08
OpenCV_021_08_vs_132_08_B_to_A,OpenCV,B_to_A,MAD22/original_sorted/OpenCV/021_08-vs-132_08.jpg,MAD22/original_sorted/BonaFide/132_08.jpg,MAD22/original_sorted/BonaFide/021_08.jpg,132_08,021_08,021_08,132_08
OpenCV_021_08_vs_173_08_A_to_B,OpenCV,A_to_B,MAD22/original_sorted/OpenCV/021_08-vs-173_08.jpg,MAD22/original_sorted/BonaFide/021_08.jpg,MAD22/original_sorted/BonaFide/173_08.jpg,021_08,173_08,021_08,173_08
OpenCV_021_08_vs_173_08_B_to_A,OpenCV,B_to_A,MAD22/original_sorted/OpenCV/021_08-vs-173_08.jpg,MAD22/original_sorted/BonaFide/173_08.jpg,MAD22/original_sorted/BonaFide/021_08.jpg,173_08,021_08,021_08,173_08
OpenCV_022_03_vs_082_03_A_to_B,OpenCV,A_to_B,MAD22/original_sorted/OpenCV/022_03-vs-082_03.jpg,MAD22/original_sorted/BonaFide/022_03.jpg,MAD22/original_sorted/BonaFide/082_03.jpg,022_03,082_03,022_03,082_03
OpenCV_022_03_vs_082_03_B_to_A,OpenCV,B_to_A,MAD22/original_sorted/OpenCV/022_03-vs-082_03.jpg,MAD22/original_sorted/BonaFide/082_03.jpg,MAD22/original_sorted/BonaFide/022_03.jpg,082_03,022_03,022_03,082_03
OpenCV_022_03_vs_123_03_A_to_B,OpenCV,A_to_B,MAD22/original_sorted/OpenCV/022_03-vs-123_03.jpg,MAD22/original_sorted/BonaFide/022_03.jpg,MAD22/original_sorted/BonaFide/123_03.jpg,022_03,123_03,022_03,123_03
OpenCV_022_03_vs_123_03_B_to_A,OpenCV,B_to_A,MAD22/original_sorted/OpenCV/022_03-vs-123_03.jpg,MAD22/original_sorted/BonaFide/123_03.jpg,MAD22/original_sorted/BonaFide/022_03.jpg,123_03,022_03,022_03,123_03
OpenCV_022_03_vs_172_03_A_to_B,OpenCV,A_to_B,MAD22/original_sorted/OpenCV/022_03-vs-172_03.jpg,MAD22/original_sorted/BonaFide/022_03.jpg,MAD22/original_sorted/BonaFide/172_03.jpg,022_03,172_03,022_03,172_03
OpenCV_022_03_vs_172_03_B_to_A,OpenCV,B_to_A,MAD22/original_sorted/OpenCV/022_03-vs-172_03.jpg,MAD22/original_sorted/BonaFide/172_03.jpg,MAD22/original_sorted/BonaFide/022_03.jpg,172_03,022_03,022_03,172_03
OpenCV_022_03_vs_173_03_A_to_B,OpenCV,A_to_B,MAD22/original_sorted/OpenCV/022_03-vs-173_03.jpg,MAD22/original_sorted/BonaFide/022_03.jpg,MAD22/original_sorted/BonaFide/173_03.jpg,022_03,173_03,022_03,173_03
OpenCV_022_03_vs_173_03_B_to_A,OpenCV,B_to_A,MAD22/original_sorted/OpenCV/022_03-vs-173_03.jpg,MAD22/original_sorted/BonaFide/173_03.jpg,MAD22/original_sorted/BonaFide/022_03.jpg,173_03,022_03,022_03,173_03
OpenCV_022_08_vs_031_08_A_to_B,OpenCV,A_to_B,MAD22/original_sorted/OpenCV/022_08-vs-031_08.jpg,MAD22/original_sorted/BonaFide/022_08.jpg,MAD22/original_sorted/BonaFide/031_08.jpg,022_08,031_08,022_08,031_08
OpenCV_022_08_vs_031_08_B_to_A,OpenCV,B_to_A,MAD22/original_sorted/OpenCV/022_08-vs-031_08.jpg,MAD22/original_sorted/BonaFide/031_08.jpg,MAD22/original_sorted/BonaFide/022_08.jpg,031_08,022_08,022_08,031_08
OpenCV_022_08_vs_042_08_A_to_B,OpenCV,A_to_B,MAD22/original_sorted/OpenCV/022_08-vs-042_08.jpg,MAD22/original_sorted/BonaFide/022_08.jpg,MAD22/original_sorted/BonaFide/042_08.jpg,022_08,042_08,022_08,042_08
OpenCV_022_08_vs_042_08_B_to_A,OpenCV,B_to_A,MAD22/original_sorted/OpenCV/022_08-vs-042_08.jpg,MAD22/original_sorted/BonaFide/042_08.jpg,MAD22/original_sorted/BonaFide/022_08.jpg,042_08,022_08,022_08,042_08
OpenCV_022_08_vs_082_08_A_to_B,OpenCV,A_to_B,MAD22/original_sorted/OpenCV/022_08-vs-082_08.jpg,MAD22/original_sorted/BonaFide/022_08.jpg,MAD22/original_sorted/BonaFide/082_08.jpg,022_08,082_08,022_08,082_08
OpenCV_022_08_vs_082_08_B_to_A,OpenCV,B_to_A,MAD22/original_sorted/OpenCV/022_08-vs-082_08.jpg,MAD22/original_sorted/BonaFide/082_08.jpg,MAD22/original_sorted/BonaFide/022_08.jpg,082_08,022_08,022_08,082_08
OpenCV_022_08_vs_173_08_A_to_B,OpenCV,A_to_B,MAD22/original_sorted/OpenCV/022_08-vs-173_08.jpg,MAD22/original_sorted/BonaFide/022_08.jpg,MAD22/original_sorted/BonaFide/173_08.jpg,022_08,173_08,022_08,173_08
OpenCV_022_08_vs_173_08_B_to_A,OpenCV,B_to_A,MAD22/original_sorted/OpenCV/022_08-vs-173_08.jpg,MAD22/original_sorted/BonaFide/173_08.jpg,MAD22/original_sorted/BonaFide/022_08.jpg,173_08,022_08,022_08,173_08
OpenCV_024_03_vs_031_03_A_to_B,OpenCV,A_to_B,MAD22/original_sorted/OpenCV/024_03-vs-031_03.jpg,MAD22/original_sorted/BonaFide/024_03.jpg,MAD22/original_sorted/BonaFide/031_03.jpg,024_03,031_03,024_03,031_03
OpenCV_024_03_vs_031_03_B_to_A,OpenCV,B_to_A,MAD22/original_sorted/OpenCV/024_03-vs-031_03.jpg,MAD22/original_sorted/BonaFide/031_03.jpg,MAD22/original_sorted/BonaFide/024_03.jpg,031_03,024_03,024_03,031_03
OpenCV_024_03_vs_036_03_A_to_B,OpenCV,A_to_B,MAD22/original_sorted/OpenCV/024_03-vs-036_03.jpg,MAD22/original_sorted/BonaFide/024_03.jpg,MAD22/original_sorted/BonaFide/036_03.jpg,024_03,036_03,024_03,036_03
OpenCV_024_03_vs_036_03_B_to_A,OpenCV,B_to_A,MAD22/original_sorted/OpenCV/024_03-vs-036_03.jpg,MAD22/original_sorted/BonaFide/036_03.jpg,MAD22/original_sorted/BonaFide/024_03.jpg,036_03,024_03,024_03,036_03
OpenCV_024_03_vs_042_03_A_to_B,OpenCV,A_to_B,MAD22/original_sorted/OpenCV/024_03-vs-042_03.jpg,MAD22/original_sorted/BonaFide/024_03.jpg,MAD22/original_sorted/BonaFide/042_03.jpg,024_03,042_03,024_03,042_03
OpenCV_024_03_vs_042_03_B_to_A,OpenCV,B_to_A,MAD22/original_sorted/OpenCV/024_03-vs-042_03.jpg,MAD22/original_sorted/BonaFide/042_03.jpg,MAD22/original_sorted/BonaFide/024_03.jpg,042_03,024_03,024_03,042_03
OpenCV_024_03_vs_092_03_A_to_B,OpenCV,A_to_B,MAD22/original_sorted/OpenCV/024_03-vs-092_03.jpg,MAD22/original_sorted/BonaFide/024_03.jpg,MAD22/original_sorted/BonaFide/092_03.jpg,024_03,092_03,024_03,092_03
OpenCV_024_03_vs_092_03_B_to_A,OpenCV,B_to_A,MAD22/original_sorted/OpenCV/024_03-vs-092_03.jpg,MAD22/original_sorted/BonaFide/092_03.jpg,MAD22/original_sorted/BonaFide/024_03.jpg,092_03,024_03,024_03,092_03
OpenCV_024_03_vs_125_03_A_to_B,OpenCV,A_to_B,MAD22/original_sorted/OpenCV/024_03-vs-125_03.jpg,MAD22/original_sorted/BonaFide/024_03.jpg,MAD22/original_sorted/BonaFide/125_03.jpg,024_03,125_03,024_03,125_03
OpenCV_024_03_vs_125_03_B_to_A,OpenCV,B_to_A,MAD22/original_sorted/OpenCV/024_03-vs-125_03.jpg,MAD22/original_sorted/BonaFide/125_03.jpg,MAD22/original_sorted/BonaFide/024_03.jpg,125_03,024_03,024_03,125_03
OpenCV_024_03_vs_131_03_A_to_B,OpenCV,A_to_B,MAD22/original_sorted/OpenCV/024_03-vs-131_03.jpg,MAD22/original_sorted/BonaFide/024_03.jpg,MAD22/original_sorted/BonaFide/131_03.jpg,024_03,131_03,024_03,131_03
OpenCV_024_03_vs_131_03_B_to_A,OpenCV,B_to_A,MAD22/original_sorted/OpenCV/024_03-vs-131_03.jpg,MAD22/original_sorted/BonaFide/131_03.jpg,MAD22/original_sorted/BonaFide/024_03.jpg,131_03,024_03,024_03,131_03
OpenCV_024_03_vs_137_03_A_to_B,OpenCV,A_to_B,MAD22/original_sorted/OpenCV/024_03-vs-137_03.jpg,MAD22/original_sorted/BonaFide/024_03.jpg,MAD22/original_sorted/BonaFide/137_03.jpg,024_03,137_03,024_03,137_03
OpenCV_024_03_vs_137_03_B_to_A,OpenCV,B_to_A,MAD22/original_sorted/OpenCV/024_03-vs-137_03.jpg,MAD22/original_sorted/BonaFide/137_03.jpg,MAD22/original_sorted/BonaFide/024_03.jpg,137_03,024_03,024_03,137_03
OpenCV_024_03_vs_138_03_A_to_B,OpenCV,A_to_B,MAD22/original_sorted/OpenCV/024_03-vs-138_03.jpg,MAD22/original_sorted/BonaFide/024_03.jpg,MAD22/original_sorted/BonaFide/138_03.jpg,024_03,138_03,024_03,138_03
OpenCV_024_03_vs_138_03_B_to_A,OpenCV,B_to_A,MAD22/original_sorted/OpenCV/024_03-vs-138_03.jpg,MAD22/original_sorted/BonaFide/138_03.jpg,MAD22/original_sorted/BonaFide/024_03.jpg,138_03,024_03,024_03,138_03
OpenCV_024_03_vs_141_03_A_to_B,OpenCV,A_to_B,MAD22/original_sorted/OpenCV/024_03-vs-141_03.jpg,MAD22/original_sorted/BonaFide/024_03.jpg,MAD22/original_sorted/BonaFide/141_03.jpg,024_03,141_03,024_03,141_03
OpenCV_024_03_vs_141_03_B_to_A,OpenCV,B_to_A,MAD22/original_sorted/OpenCV/024_03-vs-141_03.jpg,MAD22/original_sorted/BonaFide/141_03.jpg,MAD22/original_sorted/BonaFide/024_03.jpg,141_03,024_03,024_03,141_03
OpenCV_024_03_vs_173_03_A_to_B,OpenCV,A_to_B,MAD22/original_sorted/OpenCV/024_03-vs-173_03.jpg,MAD22/original_sorted/BonaFide/024_03.jpg,MAD22/original_sorted/BonaFide/173_03.jpg,024_03,173_03,024_03,173_03
OpenCV_024_03_vs_173_03_B_to_A,OpenCV,B_to_A,MAD22/original_sorted/OpenCV/024_03-vs-173_03.jpg,MAD22/original_sorted/BonaFide/173_03.jpg,MAD22/original_sorted/BonaFide/024_03.jpg,173_03,024_03,024_03,173_03
OpenCV_024_08_vs_036_08_A_to_B,OpenCV,A_to_B,MAD22/original_sorted/OpenCV/024_08-vs-036_08.jpg,MAD22/original_sorted/BonaFide/024_08.jpg,MAD22/original_sorted/BonaFide/036_08.jpg,024_08,036_08,024_08,036_08
OpenCV_024_08_vs_036_08_B_to_A,OpenCV,B_to_A,MAD22/original_sorted/OpenCV/024_08-vs-036_08.jpg,MAD22/original_sorted/BonaFide/036_08.jpg,MAD22/original_sorted/BonaFide/024_08.jpg,036_08,024_08,024_08,036_08
OpenCV_024_08_vs_061_08_A_to_B,OpenCV,A_to_B,MAD22/original_sorted/OpenCV/024_08-vs-061_08.jpg,MAD22/original_sorted/BonaFide/024_08.jpg,MAD22/original_sorted/BonaFide/061_08.jpg,024_08,061_08,024_08,061_08
OpenCV_024_08_vs_061_08_B_to_A,OpenCV,B_to_A,MAD22/original_sorted/OpenCV/024_08-vs-061_08.jpg,MAD22/original_sorted/BonaFide/061_08.jpg,MAD22/original_sorted/BonaFide/024_08.jpg,061_08,024_08,024_08,061_08
OpenCV_024_08_vs_069_08_A_to_B,OpenCV,A_to_B,MAD22/original_sorted/OpenCV/024_08-vs-069_08.jpg,MAD22/original_sorted/BonaFide/024_08.jpg,MAD22/original_sorted/BonaFide/069_08.jpg,024_08,069_08,024_08,069_08
OpenCV_024_08_vs_069_08_B_to_A,OpenCV,B_to_A,MAD22/original_sorted/OpenCV/024_08-vs-069_08.jpg,MAD22/original_sorted/BonaFide/069_08.jpg,MAD22/original_sorted/BonaFide/024_08.jpg,069_08,024_08,024_08,069_08
OpenCV_024_08_vs_092_08_A_to_B,OpenCV,A_to_B,MAD22/original_sorted/OpenCV/024_08-vs-092_08.jpg,MAD22/original_sorted/BonaFide/024_08.jpg,MAD22/original_sorted/BonaFide/092_08.jpg,024_08,092_08,024_08,092_08
OpenCV_024_08_vs_092_08_B_to_A,OpenCV,B_to_A,MAD22/original_sorted/OpenCV/024_08-vs-092_08.jpg,MAD22/original_sorted/BonaFide/092_08.jpg,MAD22/original_sorted/BonaFide/024_08.jpg,092_08,024_08,024_08,092_08
OpenCV_024_08_vs_121_08_A_to_B,OpenCV,A_to_B,MAD22/original_sorted/OpenCV/024_08-vs-121_08.jpg,MAD22/original_sorted/BonaFide/024_08.jpg,MAD22/original_sorted/BonaFide/121_08.jpg,024_08,121_08,024_08,121_08
OpenCV_024_08_vs_121_08_B_to_A,OpenCV,B_to_A,MAD22/original_sorted/OpenCV/024_08-vs-121_08.jpg,MAD22/original_sorted/BonaFide/121_08.jpg,MAD22/original_sorted/BonaFide/024_08.jpg,121_08,024_08,024_08,121_08
OpenCV_024_08_vs_125_08_A_to_B,OpenCV,A_to_B,MAD22/original_sorted/OpenCV/024_08-vs-125_08.jpg,MAD22/original_sorted/BonaFide/024_08.jpg,MAD22/original_sorted/BonaFide/125_08.jpg,024_08,125_08,024_08,125_08
OpenCV_024_08_vs_125_08_B_to_A,OpenCV,B_to_A,MAD22/original_sorted/OpenCV/024_08-vs-125_08.jpg,MAD22/original_sorted/BonaFide/125_08.jpg,MAD22/original_sorted/BonaFide/024_08.jpg,125_08,024_08,024_08,125_08
OpenCV_024_08_vs_131_08_A_to_B,OpenCV,A_to_B,MAD22/original_sorted/OpenCV/024_08-vs-131_08.jpg,MAD22/original_sorted/BonaFide/024_08.jpg,MAD22/original_sorted/BonaFide/131_08.jpg,024_08,131_08,024_08,131_08
OpenCV_024_08_vs_131_08_B_to_A,OpenCV,B_to_A,MAD22/original_sorted/OpenCV/024_08-vs-131_08.jpg,MAD22/original_sorted/BonaFide/131_08.jpg,MAD22/original_sorted/BonaFide/024_08.jpg,131_08,024_08,024_08,131_08
OpenCV_024_08_vs_141_08_A_to_B,OpenCV,A_to_B,MAD22/original_sorted/OpenCV/024_08-vs-141_08.jpg,MAD22/original_sorted/BonaFide/024_08.jpg,MAD22/original_sorted/BonaFide/141_08.jpg,024_08,141_08,024_08,141_08
OpenCV_024_08_vs_141_08_B_to_A,OpenCV,B_to_A,MAD22/original_sorted/OpenCV/024_08-vs-141_08.jpg,MAD22/original_sorted/BonaFide/141_08.jpg,MAD22/original_sorted/BonaFide/024_08.jpg,141_08,024_08,024_08,141_08
OpenCV_024_08_vs_173_08_A_to_B,OpenCV,A_to_B,MAD22/original_sorted/OpenCV/024_08-vs-173_08.jpg,MAD22/original_sorted/BonaFide/024_08.jpg,MAD22/original_sorted/BonaFide/173_08.jpg,024_08,173_08,024_08,173_08
OpenCV_024_08_vs_173_08_B_to_A,OpenCV,B_to_A,MAD22/original_sorted/OpenCV/024_08-vs-173_08.jpg,MAD22/original_sorted/BonaFide/173_08.jpg,MAD22/original_sorted/BonaFide/024_08.jpg,173_08,024_08,024_08,173_08
OpenCV_025_03_vs_134_03_A_to_B,OpenCV,A_to_B,MAD22/original_sorted/OpenCV/025_03-vs-134_03.jpg,MAD22/original_sorted/BonaFide/025_03.jpg,MAD22/original_sorted/BonaFide/134_03.jpg,025_03,134_03,025_03,134_03
OpenCV_025_03_vs_134_03_B_to_A,OpenCV,B_to_A,MAD22/original_sorted/OpenCV/025_03-vs-134_03.jpg,MAD22/original_sorted/BonaFide/134_03.jpg,MAD22/original_sorted/BonaFide/025_03.jpg,134_03,025_03,025_03,134_03
OpenCV_025_08_vs_038_08_A_to_B,OpenCV,A_to_B,MAD22/original_sorted/OpenCV/025_08-vs-038_08.jpg,MAD22/original_sorted/BonaFide/025_08.jpg,MAD22/original_sorted/BonaFide/038_08.jpg,025_08,038_08,025_08,038_08
OpenCV_025_08_vs_038_08_B_to_A,OpenCV,B_to_A,MAD22/original_sorted/OpenCV/025_08-vs-038_08.jpg,MAD22/original_sorted/BonaFide/038_08.jpg,MAD22/original_sorted/BonaFide/025_08.jpg,038_08,025_08,025_08,038_08
OpenCV_025_08_vs_091_08_A_to_B,OpenCV,A_to_B,MAD22/original_sorted/OpenCV/025_08-vs-091_08.jpg,MAD22/original_sorted/BonaFide/025_08.jpg,MAD22/original_sorted/BonaFide/091_08.jpg,025_08,091_08,025_08,091_08
OpenCV_025_08_vs_091_08_B_to_A,OpenCV,B_to_A,MAD22/original_sorted/OpenCV/025_08-vs-091_08.jpg,MAD22/original_sorted/BonaFide/091_08.jpg,MAD22/original_sorted/BonaFide/025_08.jpg,091_08,025_08,025_08,091_08
OpenCV_025_08_vs_124_08_A_to_B,OpenCV,A_to_B,MAD22/original_sorted/OpenCV/025_08-vs-124_08.jpg,MAD22/original_sorted/BonaFide/025_08.jpg,MAD22/original_sorted/BonaFide/124_08.jpg,025_08,124_08,025_08,124_08
OpenCV_025_08_vs_124_08_B_to_A,OpenCV,B_to_A,MAD22/original_sorted/OpenCV/025_08-vs-124_08.jpg,MAD22/original_sorted/BonaFide/124_08.jpg,MAD22/original_sorted/BonaFide/025_08.jpg,124_08,025_08,025_08,124_08
OpenCV_025_08_vs_134_08_A_to_B,OpenCV,A_to_B,MAD22/original_sorted/OpenCV/025_08-vs-134_08.jpg,MAD22/original_sorted/BonaFide/025_08.jpg,MAD22/original_sorted/BonaFide/134_08.jpg,025_08,134_08,025_08,134_08
OpenCV_025_08_vs_134_08_B_to_A,OpenCV,B_to_A,MAD22/original_sorted/OpenCV/025_08-vs-134_08.jpg,MAD22/original_sorted/BonaFide/134_08.jpg,MAD22/original_sorted/BonaFide/025_08.jpg,134_08,025_08,025_08,134_08
OpenCV_025_08_vs_136_08_A_to_B,OpenCV,A_to_B,MAD22/original_sorted/OpenCV/025_08-vs-136_08.jpg,MAD22/original_sorted/BonaFide/025_08.jpg,MAD22/original_sorted/BonaFide/136_08.jpg,025_08,136_08,025_08,136_08
OpenCV_025_08_vs_136_08_B_to_A,OpenCV,B_to_A,MAD22/original_sorted/OpenCV/025_08-vs-136_08.jpg,MAD22/original_sorted/BonaFide/136_08.jpg,MAD22/original_sorted/BonaFide/025_08.jpg,136_08,025_08,025_08,136_08
OpenCV_026_03_vs_123_03_A_to_B,OpenCV,A_to_B,MAD22/original_sorted/OpenCV/026_03-vs-123_03.jpg,MAD22/original_sorted/BonaFide/026_03.jpg,MAD22/original_sorted/BonaFide/123_03.jpg,026_03,123_03,026_03,123_03
OpenCV_026_03_vs_123_03_B_to_A,OpenCV,B_to_A,MAD22/original_sorted/OpenCV/026_03-vs-123_03.jpg,MAD22/original_sorted/BonaFide/123_03.jpg,MAD22/original_sorted/BonaFide/026_03.jpg,123_03,026_03,026_03,123_03
OpenCV_026_03_vs_130_03_A_to_B,OpenCV,A_to_B,MAD22/original_sorted/OpenCV/026_03-vs-130_03.jpg,MAD22/original_sorted/BonaFide/026_03.jpg,MAD22/original_sorted/BonaFide/130_03.jpg,026_03,130_03,026_03,130_03
OpenCV_026_03_vs_130_03_B_to_A,OpenCV,B_to_A,MAD22/original_sorted/OpenCV/026_03-vs-130_03.jpg,MAD22/original_sorted/BonaFide/130_03.jpg,MAD22/original_sorted/BonaFide/026_03.jpg,130_03,026_03,026_03,130_03
OpenCV_026_03_vs_143_03_A_to_B,OpenCV,A_to_B,MAD22/original_sorted/OpenCV/026_03-vs-143_03.jpg,MAD22/original_sorted/BonaFide/026_03.jpg,MAD22/original_sorted/BonaFide/143_03.jpg,026_03,143_03,026_03,143_03
OpenCV_026_03_vs_143_03_B_to_A,OpenCV,B_to_A,MAD22/original_sorted/OpenCV/026_03-vs-143_03.jpg,MAD22/original_sorted/BonaFide/143_03.jpg,MAD22/original_sorted/BonaFide/026_03.jpg,143_03,026_03,026_03,143_03
OpenCV_026_08_vs_045_08_A_to_B,OpenCV,A_to_B,MAD22/original_sorted/OpenCV/026_08-vs-045_08.jpg,MAD22/original_sorted/BonaFide/026_08.jpg,MAD22/original_sorted/BonaFide/045_08.jpg,026_08,045_08,026_08,045_08
OpenCV_026_08_vs_045_08_B_to_A,OpenCV,B_to_A,MAD22/original_sorted/OpenCV/026_08-vs-045_08.jpg,MAD22/original_sorted/BonaFide/045_08.jpg,MAD22/original_sorted/BonaFide/026_08.jpg,045_08,026_08,026_08,045_08
OpenCV_026_08_vs_070_08_A_to_B,OpenCV,A_to_B,MAD22/original_sorted/OpenCV/026_08-vs-070_08.jpg,MAD22/original_sorted/BonaFide/026_08.jpg,MAD22/original_sorted/BonaFide/070_08.jpg,026_08,070_08,026_08,070_08
OpenCV_026_08_vs_070_08_B_to_A,OpenCV,B_to_A,MAD22/original_sorted/OpenCV/026_08-vs-070_08.jpg,MAD22/original_sorted/BonaFide/070_08.jpg,MAD22/original_sorted/BonaFide/026_08.jpg,070_08,026_08,026_08,070_08
OpenCV_026_08_vs_130_08_A_to_B,OpenCV,A_to_B,MAD22/original_sorted/OpenCV/026_08-vs-130_08.jpg,MAD22/original_sorted/BonaFide/026_08.jpg,MAD22/original_sorted/BonaFide/130_08.jpg,026_08,130_08,026_08,130_08
OpenCV_026_08_vs_130_08_B_to_A,OpenCV,B_to_A,MAD22/original_sorted/OpenCV/026_08-vs-130_08.jpg,MAD22/original_sorted/BonaFide/130_08.jpg,MAD22/original_sorted/BonaFide/026_08.jpg,130_08,026_08,026_08,130_08
OpenCV_026_08_vs_132_08_A_to_B,OpenCV,A_to_B,MAD22/original_sorted/OpenCV/026_08-vs-132_08.jpg,MAD22/original_sorted/BonaFide/026_08.jpg,MAD22/original_sorted/BonaFide/132_08.jpg,026_08,132_08,026_08,132_08
OpenCV_026_08_vs_132_08_B_to_A,OpenCV,B_to_A,MAD22/original_sorted/OpenCV/026_08-vs-132_08.jpg,MAD22/original_sorted/BonaFide/132_08.jpg,MAD22/original_sorted/BonaFide/026_08.jpg,132_08,026_08,026_08,132_08
OpenCV_027_03_vs_094_03_A_to_B,OpenCV,A_to_B,MAD22/original_sorted/OpenCV/027_03-vs-094_03.jpg,MAD22/original_sorted/BonaFide/027_03.jpg,MAD22/original_sorted/BonaFide/094_03.jpg,027_03,094_03,027_03,094_03
OpenCV_027_03_vs_094_03_B_to_A,OpenCV,B_to_A,MAD22/original_sorted/OpenCV/027_03-vs-094_03.jpg,MAD22/original_sorted/BonaFide/094_03.jpg,MAD22/original_sorted/BonaFide/027_03.jpg,094_03,027_03,027_03,094_03
OpenCV_027_08_vs_038_08_A_to_B,OpenCV,A_to_B,MAD22/original_sorted/OpenCV/027_08-vs-038_08.jpg,MAD22/original_sorted/BonaFide/027_08.jpg,MAD22/original_sorted/BonaFide/038_08.jpg,027_08,038_08,027_08,038_08
OpenCV_027_08_vs_038_08_B_to_A,OpenCV,B_to_A,MAD22/original_sorted/OpenCV/027_08-vs-038_08.jpg,MAD22/original_sorted/BonaFide/038_08.jpg,MAD22/original_sorted/BonaFide/027_08.jpg,038_08,027_08,027_08,038_08
OpenCV_027_08_vs_083_08_A_to_B,OpenCV,A_to_B,MAD22/original_sorted/OpenCV/027_08-vs-083_08.jpg,MAD22/original_sorted/BonaFide/027_08.jpg,MAD22/original_sorted/BonaFide/083_08.jpg,027_08,083_08,027_08,083_08
OpenCV_027_08_vs_083_08_B_to_A,OpenCV,B_to_A,MAD22/original_sorted/OpenCV/027_08-vs-083_08.jpg,MAD22/original_sorted/BonaFide/083_08.jpg,MAD22/original_sorted/BonaFide/027_08.jpg,083_08,027_08,027_08,083_08
OpenCV_027_08_vs_090_08_A_to_B,OpenCV,A_to_B,MAD22/original_sorted/OpenCV/027_08-vs-090_08.jpg,MAD22/original_sorted/BonaFide/027_08.jpg,MAD22/original_sorted/BonaFide/090_08.jpg,027_08,090_08,027_08,090_08
OpenCV_027_08_vs_090_08_B_to_A,OpenCV,B_to_A,MAD22/original_sorted/OpenCV/027_08-vs-090_08.jpg,MAD22/original_sorted/BonaFide/090_08.jpg,MAD22/original_sorted/BonaFide/027_08.jpg,090_08,027_08,027_08,090_08
OpenCV_027_08_vs_099_08_A_to_B,OpenCV,A_to_B,MAD22/original_sorted/OpenCV/027_08-vs-099_08.jpg,MAD22/original_sorted/BonaFide/027_08.jpg,MAD22/original_sorted/BonaFide/099_08.jpg,027_08,099_08,027_08,099_08
OpenCV_027_08_vs_099_08_B_to_A,OpenCV,B_to_A,MAD22/original_sorted/OpenCV/027_08-vs-099_08.jpg,MAD22/original_sorted/BonaFide/099_08.jpg,MAD22/original_sorted/BonaFide/027_08.jpg,099_08,027_08,027_08,099_08
OpenCV_027_08_vs_118_08_A_to_B,OpenCV,A_to_B,MAD22/original_sorted/OpenCV/027_08-vs-118_08.jpg,MAD22/original_sorted/BonaFide/027_08.jpg,MAD22/original_sorted/BonaFide/118_08.jpg,027_08,118_08,027_08,118_08
OpenCV_027_08_vs_118_08_B_to_A,OpenCV,B_to_A,MAD22/original_sorted/OpenCV/027_08-vs-118_08.jpg,MAD22/original_sorted/BonaFide/118_08.jpg,MAD22/original_sorted/BonaFide/027_08.jpg,118_08,027_08,027_08,118_08
OpenCV_027_08_vs_139_08_A_to_B,OpenCV,A_to_B,MAD22/original_sorted/OpenCV/027_08-vs-139_08.jpg,MAD22/original_sorted/BonaFide/027_08.jpg,MAD22/original_sorted/BonaFide/139_08.jpg,027_08,139_08,027_08,139_08
OpenCV_027_08_vs_139_08_B_to_A,OpenCV,B_to_A,MAD22/original_sorted/OpenCV/027_08-vs-139_08.jpg,MAD22/original_sorted/BonaFide/139_08.jpg,MAD22/original_sorted/BonaFide/027_08.jpg,139_08,027_08,027_08,139_08
OpenCV_027_08_vs_144_08_A_to_B,OpenCV,A_to_B,MAD22/original_sorted/OpenCV/027_08-vs-144_08.jpg,MAD22/original_sorted/BonaFide/027_08.jpg,MAD22/original_sorted/BonaFide/144_08.jpg,027_08,144_08,027_08,144_08
OpenCV_027_08_vs_144_08_B_to_A,OpenCV,B_to_A,MAD22/original_sorted/OpenCV/027_08-vs-144_08.jpg,MAD22/original_sorted/BonaFide/144_08.jpg,MAD22/original_sorted/BonaFide/027_08.jpg,144_08,027_08,027_08,144_08
OpenCV_029_03_vs_033_03_A_to_B,OpenCV,A_to_B,MAD22/original_sorted/OpenCV/029_03-vs-033_03.jpg,MAD22/original_sorted/BonaFide/029_03.jpg,MAD22/original_sorted/BonaFide/033_03.jpg,029_03,033_03,029_03,033_03
OpenCV_029_03_vs_033_03_B_to_A,OpenCV,B_to_A,MAD22/original_sorted/OpenCV/029_03-vs-033_03.jpg,MAD22/original_sorted/BonaFide/033_03.jpg,MAD22/original_sorted/BonaFide/029_03.jpg,033_03,029_03,029_03,033_03
OpenCV_029_03_vs_041_03_A_to_B,OpenCV,A_to_B,MAD22/original_sorted/OpenCV/029_03-vs-041_03.jpg,MAD22/original_sorted/BonaFide/029_03.jpg,MAD22/original_sorted/BonaFide/041_03.jpg,029_03,041_03,029_03,041_03
OpenCV_029_03_vs_041_03_B_to_A,OpenCV,B_to_A,MAD22/original_sorted/OpenCV/029_03-vs-041_03.jpg,MAD22/original_sorted/BonaFide/041_03.jpg,MAD22/original_sorted/BonaFide/029_03.jpg,041_03,029_03,029_03,041_03
OpenCV_029_03_vs_044_03_A_to_B,OpenCV,A_to_B,MAD22/original_sorted/OpenCV/029_03-vs-044_03.jpg,MAD22/original_sorted/BonaFide/029_03.jpg,MAD22/original_sorted/BonaFide/044_03.jpg,029_03,044_03,029_03,044_03
OpenCV_029_03_vs_044_03_B_to_A,OpenCV,B_to_A,MAD22/original_sorted/OpenCV/029_03-vs-044_03.jpg,MAD22/original_sorted/BonaFide/044_03.jpg,MAD22/original_sorted/BonaFide/029_03.jpg,044_03,029_03,029_03,044_03
OpenCV_029_03_vs_082_03_A_to_B,OpenCV,A_to_B,MAD22/original_sorted/OpenCV/029_03-vs-082_03.jpg,MAD22/original_sorted/BonaFide/029_03.jpg,MAD22/original_sorted/BonaFide/082_03.jpg,029_03,082_03,029_03,082_03
OpenCV_029_03_vs_082_03_B_to_A,OpenCV,B_to_A,MAD22/original_sorted/OpenCV/029_03-vs-082_03.jpg,MAD22/original_sorted/BonaFide/082_03.jpg,MAD22/original_sorted/BonaFide/029_03.jpg,082_03,029_03,029_03,082_03
OpenCV_029_03_vs_143_03_A_to_B,OpenCV,A_to_B,MAD22/original_sorted/OpenCV/029_03-vs-143_03.jpg,MAD22/original_sorted/BonaFide/029_03.jpg,MAD22/original_sorted/BonaFide/143_03.jpg,029_03,143_03,029_03,143_03
OpenCV_029_03_vs_143_03_B_to_A,OpenCV,B_to_A,MAD22/original_sorted/OpenCV/029_03-vs-143_03.jpg,MAD22/original_sorted/BonaFide/143_03.jpg,MAD22/original_sorted/BonaFide/029_03.jpg,143_03,029_03,029_03,143_03
OpenCV_029_03_vs_173_03_A_to_B,OpenCV,A_to_B,MAD22/original_sorted/OpenCV/029_03-vs-173_03.jpg,MAD22/original_sorted/BonaFide/029_03.jpg,MAD22/original_sorted/BonaFide/173_03.jpg,029_03,173_03,029_03,173_03
OpenCV_029_03_vs_173_03_B_to_A,OpenCV,B_to_A,MAD22/original_sorted/OpenCV/029_03-vs-173_03.jpg,MAD22/original_sorted/BonaFide/173_03.jpg,MAD22/original_sorted/BonaFide/029_03.jpg,173_03,029_03,029_03,173_03
OpenCV_029_08_vs_041_08_A_to_B,OpenCV,A_to_B,MAD22/original_sorted/OpenCV/029_08-vs-041_08.jpg,MAD22/original_sorted/BonaFide/029_08.jpg,MAD22/original_sorted/BonaFide/041_08.jpg,029_08,041_08,029_08,041_08
OpenCV_029_08_vs_041_08_B_to_A,OpenCV,B_to_A,MAD22/original_sorted/OpenCV/029_08-vs-041_08.jpg,MAD22/original_sorted/BonaFide/041_08.jpg,MAD22/original_sorted/BonaFide/029_08.jpg,041_08,029_08,029_08,041_08
OpenCV_029_08_vs_044_08_A_to_B,OpenCV,A_to_B,MAD22/original_sorted/OpenCV/029_08-vs-044_08.jpg,MAD22/original_sorted/BonaFide/029_08.jpg,MAD22/original_sorted/BonaFide/044_08.jpg,029_08,044_08,029_08,044_08
OpenCV_029_08_vs_044_08_B_to_A,OpenCV,B_to_A,MAD22/original_sorted/OpenCV/029_08-vs-044_08.jpg,MAD22/original_sorted/BonaFide/044_08.jpg,MAD22/original_sorted/BonaFide/029_08.jpg,044_08,029_08,029_08,044_08
OpenCV_029_08_vs_082_08_A_to_B,OpenCV,A_to_B,MAD22/original_sorted/OpenCV/029_08-vs-082_08.jpg,MAD22/original_sorted/BonaFide/029_08.jpg,MAD22/original_sorted/BonaFide/082_08.jpg,029_08,082_08,029_08,082_08
OpenCV_029_08_vs_082_08_B_to_A,OpenCV,B_to_A,MAD22/original_sorted/OpenCV/029_08-vs-082_08.jpg,MAD22/original_sorted/BonaFide/082_08.jpg,MAD22/original_sorted/BonaFide/029_08.jpg,082_08,029_08,029_08,082_08
OpenCV_029_08_vs_143_08_A_to_B,OpenCV,A_to_B,MAD22/original_sorted/OpenCV/029_08-vs-143_08.jpg,MAD22/original_sorted/BonaFide/029_08.jpg,MAD22/original_sorted/BonaFide/143_08.jpg,029_08,143_08,029_08,143_08
OpenCV_029_08_vs_143_08_B_to_A,OpenCV,B_to_A,MAD22/original_sorted/OpenCV/029_08-vs-143_08.jpg,MAD22/original_sorted/BonaFide/143_08.jpg,MAD22/original_sorted/BonaFide/029_08.jpg,143_08,029_08,029_08,143_08
OpenCV_029_08_vs_173_08_A_to_B,OpenCV,A_to_B,MAD22/original_sorted/OpenCV/029_08-vs-173_08.jpg,MAD22/original_sorted/BonaFide/029_08.jpg,MAD22/original_sorted/BonaFide/173_08.jpg,029_08,173_08,029_08,173_08
OpenCV_029_08_vs_173_08_B_to_A,OpenCV,B_to_A,MAD22/original_sorted/OpenCV/029_08-vs-173_08.jpg,MAD22/original_sorted/BonaFide/173_08.jpg,MAD22/original_sorted/BonaFide/029_08.jpg,173_08,029_08,029_08,173_08
OpenCV_030_08_vs_039_08_A_to_B,OpenCV,A_to_B,MAD22/original_sorted/OpenCV/030_08-vs-039_08.jpg,MAD22/original_sorted/BonaFide/030_08.jpg,MAD22/original_sorted/BonaFide/039_08.jpg,030_08,039_08,030_08,039_08
OpenCV_030_08_vs_039_08_B_to_A,OpenCV,B_to_A,MAD22/original_sorted/OpenCV/030_08-vs-039_08.jpg,MAD22/original_sorted/BonaFide/039_08.jpg,MAD22/original_sorted/BonaFide/030_08.jpg,039_08,030_08,030_08,039_08
OpenCV_030_08_vs_112_08_A_to_B,OpenCV,A_to_B,MAD22/original_sorted/OpenCV/030_08-vs-112_08.jpg,MAD22/original_sorted/BonaFide/030_08.jpg,MAD22/original_sorted/BonaFide/112_08.jpg,030_08,112_08,030_08,112_08
OpenCV_030_08_vs_112_08_B_to_A,OpenCV,B_to_A,MAD22/original_sorted/OpenCV/030_08-vs-112_08.jpg,MAD22/original_sorted/BonaFide/112_08.jpg,MAD22/original_sorted/BonaFide/030_08.jpg,112_08,030_08,030_08,112_08
OpenCV_030_08_vs_127_08_A_to_B,OpenCV,A_to_B,MAD22/original_sorted/OpenCV/030_08-vs-127_08.jpg,MAD22/original_sorted/BonaFide/030_08.jpg,MAD22/original_sorted/BonaFide/127_08.jpg,030_08,127_08,030_08,127_08
OpenCV_030_08_vs_127_08_B_to_A,OpenCV,B_to_A,MAD22/original_sorted/OpenCV/030_08-vs-127_08.jpg,MAD22/original_sorted/BonaFide/127_08.jpg,MAD22/original_sorted/BonaFide/030_08.jpg,127_08,030_08,030_08,127_08
OpenCV_030_08_vs_134_08_A_to_B,OpenCV,A_to_B,MAD22/original_sorted/OpenCV/030_08-vs-134_08.jpg,MAD22/original_sorted/BonaFide/030_08.jpg,MAD22/original_sorted/BonaFide/134_08.jpg,030_08,134_08,030_08,134_08
OpenCV_030_08_vs_134_08_B_to_A,OpenCV,B_to_A,MAD22/original_sorted/OpenCV/030_08-vs-134_08.jpg,MAD22/original_sorted/BonaFide/134_08.jpg,MAD22/original_sorted/BonaFide/030_08.jpg,134_08,030_08,030_08,134_08
OpenCV_031_03_vs_043_03_A_to_B,OpenCV,A_to_B,MAD22/original_sorted/OpenCV/031_03-vs-043_03.jpg,MAD22/original_sorted/BonaFide/031_03.jpg,MAD22/original_sorted/BonaFide/043_03.jpg,031_03,043_03,031_03,043_03
OpenCV_031_03_vs_043_03_B_to_A,OpenCV,B_to_A,MAD22/original_sorted/OpenCV/031_03-vs-043_03.jpg,MAD22/original_sorted/BonaFide/043_03.jpg,MAD22/original_sorted/BonaFide/031_03.jpg,043_03,031_03,031_03,043_03
OpenCV_031_03_vs_068_03_A_to_B,OpenCV,A_to_B,MAD22/original_sorted/OpenCV/031_03-vs-068_03.jpg,MAD22/original_sorted/BonaFide/031_03.jpg,MAD22/original_sorted/BonaFide/068_03.jpg,031_03,068_03,031_03,068_03
OpenCV_031_03_vs_068_03_B_to_A,OpenCV,B_to_A,MAD22/original_sorted/OpenCV/031_03-vs-068_03.jpg,MAD22/original_sorted/BonaFide/068_03.jpg,MAD22/original_sorted/BonaFide/031_03.jpg,068_03,031_03,031_03,068_03
OpenCV_031_03_vs_121_03_A_to_B,OpenCV,A_to_B,MAD22/original_sorted/OpenCV/031_03-vs-121_03.jpg,MAD22/original_sorted/BonaFide/031_03.jpg,MAD22/original_sorted/BonaFide/121_03.jpg,031_03,121_03,031_03,121_03
OpenCV_031_03_vs_121_03_B_to_A,OpenCV,B_to_A,MAD22/original_sorted/OpenCV/031_03-vs-121_03.jpg,MAD22/original_sorted/BonaFide/121_03.jpg,MAD22/original_sorted/BonaFide/031_03.jpg,121_03,031_03,031_03,121_03
OpenCV_031_03_vs_137_03_A_to_B,OpenCV,A_to_B,MAD22/original_sorted/OpenCV/031_03-vs-137_03.jpg,MAD22/original_sorted/BonaFide/031_03.jpg,MAD22/original_sorted/BonaFide/137_03.jpg,031_03,137_03,031_03,137_03
OpenCV_031_03_vs_137_03_B_to_A,OpenCV,B_to_A,MAD22/original_sorted/OpenCV/031_03-vs-137_03.jpg,MAD22/original_sorted/BonaFide/137_03.jpg,MAD22/original_sorted/BonaFide/031_03.jpg,137_03,031_03,031_03,137_03
OpenCV_031_08_vs_042_08_A_to_B,OpenCV,A_to_B,MAD22/original_sorted/OpenCV/031_08-vs-042_08.jpg,MAD22/original_sorted/BonaFide/031_08.jpg,MAD22/original_sorted/BonaFide/042_08.jpg,031_08,042_08,031_08,042_08
OpenCV_031_08_vs_042_08_B_to_A,OpenCV,B_to_A,MAD22/original_sorted/OpenCV/031_08-vs-042_08.jpg,MAD22/original_sorted/BonaFide/042_08.jpg,MAD22/original_sorted/BonaFide/031_08.jpg,042_08,031_08,031_08,042_08
OpenCV_031_08_vs_043_08_A_to_B,OpenCV,A_to_B,MAD22/original_sorted/OpenCV/031_08-vs-043_08.jpg,MAD22/original_sorted/BonaFide/031_08.jpg,MAD22/original_sorted/BonaFide/043_08.jpg,031_08,043_08,031_08,043_08
OpenCV_031_08_vs_043_08_B_to_A,OpenCV,B_to_A,MAD22/original_sorted/OpenCV/031_08-vs-043_08.jpg,MAD22/original_sorted/BonaFide/043_08.jpg,MAD22/original_sorted/BonaFide/031_08.jpg,043_08,031_08,031_08,043_08
OpenCV_031_08_vs_068_08_A_to_B,OpenCV,A_to_B,MAD22/original_sorted/OpenCV/031_08-vs-068_08.jpg,MAD22/original_sorted/BonaFide/031_08.jpg,MAD22/original_sorted/BonaFide/068_08.jpg,031_08,068_08,031_08,068_08
OpenCV_031_08_vs_068_08_B_to_A,OpenCV,B_to_A,MAD22/original_sorted/OpenCV/031_08-vs-068_08.jpg,MAD22/original_sorted/BonaFide/068_08.jpg,MAD22/original_sorted/BonaFide/031_08.jpg,068_08,031_08,031_08,068_08
OpenCV_031_08_vs_117_08_A_to_B,OpenCV,A_to_B,MAD22/original_sorted/OpenCV/031_08-vs-117_08.jpg,MAD22/original_sorted/BonaFide/031_08.jpg,MAD22/original_sorted/BonaFide/117_08.jpg,031_08,117_08,031_08,117_08
OpenCV_031_08_vs_117_08_B_to_A,OpenCV,B_to_A,MAD22/original_sorted/OpenCV/031_08-vs-117_08.jpg,MAD22/original_sorted/BonaFide/117_08.jpg,MAD22/original_sorted/BonaFide/031_08.jpg,117_08,031_08,031_08,117_08
OpenCV_032_03_vs_126_03_A_to_B,OpenCV,A_to_B,MAD22/original_sorted/OpenCV/032_03-vs-126_03.jpg,MAD22/original_sorted/BonaFide/032_03.jpg,MAD22/original_sorted/BonaFide/126_03.jpg,032_03,126_03,032_03,126_03
OpenCV_032_03_vs_126_03_B_to_A,OpenCV,B_to_A,MAD22/original_sorted/OpenCV/032_03-vs-126_03.jpg,MAD22/original_sorted/BonaFide/126_03.jpg,MAD22/original_sorted/BonaFide/032_03.jpg,126_03,032_03,032_03,126_03
OpenCV_032_08_vs_039_08_A_to_B,OpenCV,A_to_B,MAD22/original_sorted/OpenCV/032_08-vs-039_08.jpg,MAD22/original_sorted/BonaFide/032_08.jpg,MAD22/original_sorted/BonaFide/039_08.jpg,032_08,039_08,032_08,039_08
OpenCV_032_08_vs_039_08_B_to_A,OpenCV,B_to_A,MAD22/original_sorted/OpenCV/032_08-vs-039_08.jpg,MAD22/original_sorted/BonaFide/039_08.jpg,MAD22/original_sorted/BonaFide/032_08.jpg,039_08,032_08,032_08,039_08
OpenCV_032_08_vs_086_08_A_to_B,OpenCV,A_to_B,MAD22/original_sorted/OpenCV/032_08-vs-086_08.jpg,MAD22/original_sorted/BonaFide/032_08.jpg,MAD22/original_sorted/BonaFide/086_08.jpg,032_08,086_08,032_08,086_08
OpenCV_032_08_vs_086_08_B_to_A,OpenCV,B_to_A,MAD22/original_sorted/OpenCV/032_08-vs-086_08.jpg,MAD22/original_sorted/BonaFide/086_08.jpg,MAD22/original_sorted/BonaFide/032_08.jpg,086_08,032_08,032_08,086_08
OpenCV_032_08_vs_091_08_A_to_B,OpenCV,A_to_B,MAD22/original_sorted/OpenCV/032_08-vs-091_08.jpg,MAD22/original_sorted/BonaFide/032_08.jpg,MAD22/original_sorted/BonaFide/091_08.jpg,032_08,091_08,032_08,091_08
OpenCV_032_08_vs_091_08_B_to_A,OpenCV,B_to_A,MAD22/original_sorted/OpenCV/032_08-vs-091_08.jpg,MAD22/original_sorted/BonaFide/091_08.jpg,MAD22/original_sorted/BonaFide/032_08.jpg,091_08,032_08,032_08,091_08
OpenCV_032_08_vs_099_08_A_to_B,OpenCV,A_to_B,MAD22/original_sorted/OpenCV/032_08-vs-099_08.jpg,MAD22/original_sorted/BonaFide/032_08.jpg,MAD22/original_sorted/BonaFide/099_08.jpg,032_08,099_08,032_08,099_08
OpenCV_032_08_vs_099_08_B_to_A,OpenCV,B_to_A,MAD22/original_sorted/OpenCV/032_08-vs-099_08.jpg,MAD22/original_sorted/BonaFide/099_08.jpg,MAD22/original_sorted/BonaFide/032_08.jpg,099_08,032_08,032_08,099_08
OpenCV_032_08_vs_124_08_A_to_B,OpenCV,A_to_B,MAD22/original_sorted/OpenCV/032_08-vs-124_08.jpg,MAD22/original_sorted/BonaFide/032_08.jpg,MAD22/original_sorted/BonaFide/124_08.jpg,032_08,124_08,032_08,124_08
OpenCV_032_08_vs_124_08_B_to_A,OpenCV,B_to_A,MAD22/original_sorted/OpenCV/032_08-vs-124_08.jpg,MAD22/original_sorted/BonaFide/124_08.jpg,MAD22/original_sorted/BonaFide/032_08.jpg,124_08,032_08,032_08,124_08
OpenCV_032_08_vs_144_08_A_to_B,OpenCV,A_to_B,MAD22/original_sorted/OpenCV/032_08-vs-144_08.jpg,MAD22/original_sorted/BonaFide/032_08.jpg,MAD22/original_sorted/BonaFide/144_08.jpg,032_08,144_08,032_08,144_08
OpenCV_032_08_vs_144_08_B_to_A,OpenCV,B_to_A,MAD22/original_sorted/OpenCV/032_08-vs-144_08.jpg,MAD22/original_sorted/BonaFide/144_08.jpg,MAD22/original_sorted/BonaFide/032_08.jpg,144_08,032_08,032_08,144_08
OpenCV_033_03_vs_092_03_A_to_B,OpenCV,A_to_B,MAD22/original_sorted/OpenCV/033_03-vs-092_03.jpg,MAD22/original_sorted/BonaFide/033_03.jpg,MAD22/original_sorted/BonaFide/092_03.jpg,033_03,092_03,033_03,092_03
OpenCV_033_03_vs_092_03_B_to_A,OpenCV,B_to_A,MAD22/original_sorted/OpenCV/033_03-vs-092_03.jpg,MAD22/original_sorted/BonaFide/092_03.jpg,MAD22/original_sorted/BonaFide/033_03.jpg,092_03,033_03,033_03,092_03
OpenCV_033_03_vs_104_03_A_to_B,OpenCV,A_to_B,MAD22/original_sorted/OpenCV/033_03-vs-104_03.jpg,MAD22/original_sorted/BonaFide/033_03.jpg,MAD22/original_sorted/BonaFide/104_03.jpg,033_03,104_03,033_03,104_03
OpenCV_033_03_vs_104_03_B_to_A,OpenCV,B_to_A,MAD22/original_sorted/OpenCV/033_03-vs-104_03.jpg,MAD22/original_sorted/BonaFide/104_03.jpg,MAD22/original_sorted/BonaFide/033_03.jpg,104_03,033_03,033_03,104_03
OpenCV_033_03_vs_108_03_A_to_B,OpenCV,A_to_B,MAD22/original_sorted/OpenCV/033_03-vs-108_03.jpg,MAD22/original_sorted/BonaFide/033_03.jpg,MAD22/original_sorted/BonaFide/108_03.jpg,033_03,108_03,033_03,108_03
OpenCV_033_03_vs_108_03_B_to_A,OpenCV,B_to_A,MAD22/original_sorted/OpenCV/033_03-vs-108_03.jpg,MAD22/original_sorted/BonaFide/108_03.jpg,MAD22/original_sorted/BonaFide/033_03.jpg,108_03,033_03,033_03,108_03
OpenCV_033_03_vs_119_03_A_to_B,OpenCV,A_to_B,MAD22/original_sorted/OpenCV/033_03-vs-119_03.jpg,MAD22/original_sorted/BonaFide/033_03.jpg,MAD22/original_sorted/BonaFide/119_03.jpg,033_03,119_03,033_03,119_03
OpenCV_033_03_vs_119_03_B_to_A,OpenCV,B_to_A,MAD22/original_sorted/OpenCV/033_03-vs-119_03.jpg,MAD22/original_sorted/BonaFide/119_03.jpg,MAD22/original_sorted/BonaFide/033_03.jpg,119_03,033_03,033_03,119_03
OpenCV_033_03_vs_143_03_A_to_B,OpenCV,A_to_B,MAD22/original_sorted/OpenCV/033_03-vs-143_03.jpg,MAD22/original_sorted/BonaFide/033_03.jpg,MAD22/original_sorted/BonaFide/143_03.jpg,033_03,143_03,033_03,143_03
OpenCV_033_03_vs_143_03_B_to_A,OpenCV,B_to_A,MAD22/original_sorted/OpenCV/033_03-vs-143_03.jpg,MAD22/original_sorted/BonaFide/143_03.jpg,MAD22/original_sorted/BonaFide/033_03.jpg,143_03,033_03,033_03,143_03
OpenCV_033_08_vs_044_08_A_to_B,OpenCV,A_to_B,MAD22/original_sorted/OpenCV/033_08-vs-044_08.jpg,MAD22/original_sorted/BonaFide/033_08.jpg,MAD22/original_sorted/BonaFide/044_08.jpg,033_08,044_08,033_08,044_08
OpenCV_033_08_vs_044_08_B_to_A,OpenCV,B_to_A,MAD22/original_sorted/OpenCV/033_08-vs-044_08.jpg,MAD22/original_sorted/BonaFide/044_08.jpg,MAD22/original_sorted/BonaFide/033_08.jpg,044_08,033_08,033_08,044_08
OpenCV_033_08_vs_045_08_A_to_B,OpenCV,A_to_B,MAD22/original_sorted/OpenCV/033_08-vs-045_08.jpg,MAD22/original_sorted/BonaFide/033_08.jpg,MAD22/original_sorted/BonaFide/045_08.jpg,033_08,045_08,033_08,045_08
OpenCV_033_08_vs_045_08_B_to_A,OpenCV,B_to_A,MAD22/original_sorted/OpenCV/033_08-vs-045_08.jpg,MAD22/original_sorted/BonaFide/045_08.jpg,MAD22/original_sorted/BonaFide/033_08.jpg,045_08,033_08,033_08,045_08
OpenCV_033_08_vs_082_08_A_to_B,OpenCV,A_to_B,MAD22/original_sorted/OpenCV/033_08-vs-082_08.jpg,MAD22/original_sorted/BonaFide/033_08.jpg,MAD22/original_sorted/BonaFide/082_08.jpg,033_08,082_08,033_08,082_08
OpenCV_033_08_vs_082_08_B_to_A,OpenCV,B_to_A,MAD22/original_sorted/OpenCV/033_08-vs-082_08.jpg,MAD22/original_sorted/BonaFide/082_08.jpg,MAD22/original_sorted/BonaFide/033_08.jpg,082_08,033_08,033_08,082_08
OpenCV_033_08_vs_108_08_A_to_B,OpenCV,A_to_B,MAD22/original_sorted/OpenCV/033_08-vs-108_08.jpg,MAD22/original_sorted/BonaFide/033_08.jpg,MAD22/original_sorted/BonaFide/108_08.jpg,033_08,108_08,033_08,108_08
OpenCV_033_08_vs_108_08_B_to_A,OpenCV,B_to_A,MAD22/original_sorted/OpenCV/033_08-vs-108_08.jpg,MAD22/original_sorted/BonaFide/108_08.jpg,MAD22/original_sorted/BonaFide/033_08.jpg,108_08,033_08,033_08,108_08
OpenCV_033_08_vs_119_08_A_to_B,OpenCV,A_to_B,MAD22/original_sorted/OpenCV/033_08-vs-119_08.jpg,MAD22/original_sorted/BonaFide/033_08.jpg,MAD22/original_sorted/BonaFide/119_08.jpg,033_08,119_08,033_08,119_08
OpenCV_033_08_vs_119_08_B_to_A,OpenCV,B_to_A,MAD22/original_sorted/OpenCV/033_08-vs-119_08.jpg,MAD22/original_sorted/BonaFide/119_08.jpg,MAD22/original_sorted/BonaFide/033_08.jpg,119_08,033_08,033_08,119_08
OpenCV_033_08_vs_140_08_A_to_B,OpenCV,A_to_B,MAD22/original_sorted/OpenCV/033_08-vs-140_08.jpg,MAD22/original_sorted/BonaFide/033_08.jpg,MAD22/original_sorted/BonaFide/140_08.jpg,033_08,140_08,033_08,140_08
OpenCV_033_08_vs_140_08_B_to_A,OpenCV,B_to_A,MAD22/original_sorted/OpenCV/033_08-vs-140_08.jpg,MAD22/original_sorted/BonaFide/140_08.jpg,MAD22/original_sorted/BonaFide/033_08.jpg,140_08,033_08,033_08,140_08
OpenCV_033_08_vs_143_08_A_to_B,OpenCV,A_to_B,MAD22/original_sorted/OpenCV/033_08-vs-143_08.jpg,MAD22/original_sorted/BonaFide/033_08.jpg,MAD22/original_sorted/BonaFide/143_08.jpg,033_08,143_08,033_08,143_08
OpenCV_033_08_vs_143_08_B_to_A,OpenCV,B_to_A,MAD22/original_sorted/OpenCV/033_08-vs-143_08.jpg,MAD22/original_sorted/BonaFide/143_08.jpg,MAD22/original_sorted/BonaFide/033_08.jpg,143_08,033_08,033_08,143_08
OpenCV_034_03_vs_100_03_A_to_B,OpenCV,A_to_B,MAD22/original_sorted/OpenCV/034_03-vs-100_03.jpg,MAD22/original_sorted/BonaFide/034_03.jpg,MAD22/original_sorted/BonaFide/100_03.jpg,034_03,100_03,034_03,100_03
OpenCV_034_03_vs_100_03_B_to_A,OpenCV,B_to_A,MAD22/original_sorted/OpenCV/034_03-vs-100_03.jpg,MAD22/original_sorted/BonaFide/100_03.jpg,MAD22/original_sorted/BonaFide/034_03.jpg,100_03,034_03,034_03,100_03
OpenCV_034_03_vs_118_03_A_to_B,OpenCV,A_to_B,MAD22/original_sorted/OpenCV/034_03-vs-118_03.jpg,MAD22/original_sorted/BonaFide/034_03.jpg,MAD22/original_sorted/BonaFide/118_03.jpg,034_03,118_03,034_03,118_03
OpenCV_034_03_vs_118_03_B_to_A,OpenCV,B_to_A,MAD22/original_sorted/OpenCV/034_03-vs-118_03.jpg,MAD22/original_sorted/BonaFide/118_03.jpg,MAD22/original_sorted/BonaFide/034_03.jpg,118_03,034_03,034_03,118_03
OpenCV_034_03_vs_139_03_A_to_B,OpenCV,A_to_B,MAD22/original_sorted/OpenCV/034_03-vs-139_03.jpg,MAD22/original_sorted/BonaFide/034_03.jpg,MAD22/original_sorted/BonaFide/139_03.jpg,034_03,139_03,034_03,139_03
OpenCV_034_03_vs_139_03_B_to_A,OpenCV,B_to_A,MAD22/original_sorted/OpenCV/034_03-vs-139_03.jpg,MAD22/original_sorted/BonaFide/139_03.jpg,MAD22/original_sorted/BonaFide/034_03.jpg,139_03,034_03,034_03,139_03
OpenCV_034_08_vs_062_08_A_to_B,OpenCV,A_to_B,MAD22/original_sorted/OpenCV/034_08-vs-062_08.jpg,MAD22/original_sorted/BonaFide/034_08.jpg,MAD22/original_sorted/BonaFide/062_08.jpg,034_08,062_08,034_08,062_08
OpenCV_034_08_vs_062_08_B_to_A,OpenCV,B_to_A,MAD22/original_sorted/OpenCV/034_08-vs-062_08.jpg,MAD22/original_sorted/BonaFide/062_08.jpg,MAD22/original_sorted/BonaFide/034_08.jpg,062_08,034_08,034_08,062_08
OpenCV_034_08_vs_064_08_A_to_B,OpenCV,A_to_B,MAD22/original_sorted/OpenCV/034_08-vs-064_08.jpg,MAD22/original_sorted/BonaFide/034_08.jpg,MAD22/original_sorted/BonaFide/064_08.jpg,034_08,064_08,034_08,064_08
OpenCV_034_08_vs_064_08_B_to_A,OpenCV,B_to_A,MAD22/original_sorted/OpenCV/034_08-vs-064_08.jpg,MAD22/original_sorted/BonaFide/064_08.jpg,MAD22/original_sorted/BonaFide/034_08.jpg,064_08,034_08,034_08,064_08
OpenCV_034_08_vs_094_08_A_to_B,OpenCV,A_to_B,MAD22/original_sorted/OpenCV/034_08-vs-094_08.jpg,MAD22/original_sorted/BonaFide/034_08.jpg,MAD22/original_sorted/BonaFide/094_08.jpg,034_08,094_08,034_08,094_08
OpenCV_034_08_vs_094_08_B_to_A,OpenCV,B_to_A,MAD22/original_sorted/OpenCV/034_08-vs-094_08.jpg,MAD22/original_sorted/BonaFide/094_08.jpg,MAD22/original_sorted/BonaFide/034_08.jpg,094_08,034_08,034_08,094_08
OpenCV_034_08_vs_099_08_A_to_B,OpenCV,A_to_B,MAD22/original_sorted/OpenCV/034_08-vs-099_08.jpg,MAD22/original_sorted/BonaFide/034_08.jpg,MAD22/original_sorted/BonaFide/099_08.jpg,034_08,099_08,034_08,099_08
OpenCV_034_08_vs_099_08_B_to_A,OpenCV,B_to_A,MAD22/original_sorted/OpenCV/034_08-vs-099_08.jpg,MAD22/original_sorted/BonaFide/099_08.jpg,MAD22/original_sorted/BonaFide/034_08.jpg,099_08,034_08,034_08,099_08
OpenCV_034_08_vs_126_08_A_to_B,OpenCV,A_to_B,MAD22/original_sorted/OpenCV/034_08-vs-126_08.jpg,MAD22/original_sorted/BonaFide/034_08.jpg,MAD22/original_sorted/BonaFide/126_08.jpg,034_08,126_08,034_08,126_08
OpenCV_034_08_vs_126_08_B_to_A,OpenCV,B_to_A,MAD22/original_sorted/OpenCV/034_08-vs-126_08.jpg,MAD22/original_sorted/BonaFide/126_08.jpg,MAD22/original_sorted/BonaFide/034_08.jpg,126_08,034_08,034_08,126_08
OpenCV_034_08_vs_127_08_A_to_B,OpenCV,A_to_B,MAD22/original_sorted/OpenCV/034_08-vs-127_08.jpg,MAD22/original_sorted/BonaFide/034_08.jpg,MAD22/original_sorted/BonaFide/127_08.jpg,034_08,127_08,034_08,127_08
OpenCV_034_08_vs_127_08_B_to_A,OpenCV,B_to_A,MAD22/original_sorted/OpenCV/034_08-vs-127_08.jpg,MAD22/original_sorted/BonaFide/127_08.jpg,MAD22/original_sorted/BonaFide/034_08.jpg,127_08,034_08,034_08,127_08
OpenCV_036_03_vs_063_03_A_to_B,OpenCV,A_to_B,MAD22/original_sorted/OpenCV/036_03-vs-063_03.jpg,MAD22/original_sorted/BonaFide/036_03.jpg,MAD22/original_sorted/BonaFide/063_03.jpg,036_03,063_03,036_03,063_03
OpenCV_036_03_vs_063_03_B_to_A,OpenCV,B_to_A,MAD22/original_sorted/OpenCV/036_03-vs-063_03.jpg,MAD22/original_sorted/BonaFide/063_03.jpg,MAD22/original_sorted/BonaFide/036_03.jpg,063_03,036_03,036_03,063_03
OpenCV_036_03_vs_096_03_A_to_B,OpenCV,A_to_B,MAD22/original_sorted/OpenCV/036_03-vs-096_03.jpg,MAD22/original_sorted/BonaFide/036_03.jpg,MAD22/original_sorted/BonaFide/096_03.jpg,036_03,096_03,036_03,096_03
OpenCV_036_03_vs_096_03_B_to_A,OpenCV,B_to_A,MAD22/original_sorted/OpenCV/036_03-vs-096_03.jpg,MAD22/original_sorted/BonaFide/096_03.jpg,MAD22/original_sorted/BonaFide/036_03.jpg,096_03,036_03,036_03,096_03
OpenCV_036_03_vs_128_03_A_to_B,OpenCV,A_to_B,MAD22/original_sorted/OpenCV/036_03-vs-128_03.jpg,MAD22/original_sorted/BonaFide/036_03.jpg,MAD22/original_sorted/BonaFide/128_03.jpg,036_03,128_03,036_03,128_03
OpenCV_036_03_vs_128_03_B_to_A,OpenCV,B_to_A,MAD22/original_sorted/OpenCV/036_03-vs-128_03.jpg,MAD22/original_sorted/BonaFide/128_03.jpg,MAD22/original_sorted/BonaFide/036_03.jpg,128_03,036_03,036_03,128_03
OpenCV_036_03_vs_130_03_A_to_B,OpenCV,A_to_B,MAD22/original_sorted/OpenCV/036_03-vs-130_03.jpg,MAD22/original_sorted/BonaFide/036_03.jpg,MAD22/original_sorted/BonaFide/130_03.jpg,036_03,130_03,036_03,130_03
OpenCV_036_03_vs_130_03_B_to_A,OpenCV,B_to_A,MAD22/original_sorted/OpenCV/036_03-vs-130_03.jpg,MAD22/original_sorted/BonaFide/130_03.jpg,MAD22/original_sorted/BonaFide/036_03.jpg,130_03,036_03,036_03,130_03
OpenCV_036_03_vs_141_03_A_to_B,OpenCV,A_to_B,MAD22/original_sorted/OpenCV/036_03-vs-141_03.jpg,MAD22/original_sorted/BonaFide/036_03.jpg,MAD22/original_sorted/BonaFide/141_03.jpg,036_03,141_03,036_03,141_03
OpenCV_036_03_vs_141_03_B_to_A,OpenCV,B_to_A,MAD22/original_sorted/OpenCV/036_03-vs-141_03.jpg,MAD22/original_sorted/BonaFide/141_03.jpg,MAD22/original_sorted/BonaFide/036_03.jpg,141_03,036_03,036_03,141_03
OpenCV_036_03_vs_142_03_A_to_B,OpenCV,A_to_B,MAD22/original_sorted/OpenCV/036_03-vs-142_03.jpg,MAD22/original_sorted/BonaFide/036_03.jpg,MAD22/original_sorted/BonaFide/142_03.jpg,036_03,142_03,036_03,142_03
OpenCV_036_03_vs_142_03_B_to_A,OpenCV,B_to_A,MAD22/original_sorted/OpenCV/036_03-vs-142_03.jpg,MAD22/original_sorted/BonaFide/142_03.jpg,MAD22/original_sorted/BonaFide/036_03.jpg,142_03,036_03,036_03,142_03
OpenCV_036_03_vs_143_03_A_to_B,OpenCV,A_to_B,MAD22/original_sorted/OpenCV/036_03-vs-143_03.jpg,MAD22/original_sorted/BonaFide/036_03.jpg,MAD22/original_sorted/BonaFide/143_03.jpg,036_03,143_03,036_03,143_03
OpenCV_036_03_vs_143_03_B_to_A,OpenCV,B_to_A,MAD22/original_sorted/OpenCV/036_03-vs-143_03.jpg,MAD22/original_sorted/BonaFide/143_03.jpg,MAD22/original_sorted/BonaFide/036_03.jpg,143_03,036_03,036_03,143_03
OpenCV_036_08_vs_128_08_A_to_B,OpenCV,A_to_B,MAD22/original_sorted/OpenCV/036_08-vs-128_08.jpg,MAD22/original_sorted/BonaFide/036_08.jpg,MAD22/original_sorted/BonaFide/128_08.jpg,036_08,128_08,036_08,128_08
OpenCV_036_08_vs_128_08_B_to_A,OpenCV,B_to_A,MAD22/original_sorted/OpenCV/036_08-vs-128_08.jpg,MAD22/original_sorted/BonaFide/128_08.jpg,MAD22/original_sorted/BonaFide/036_08.jpg,128_08,036_08,036_08,128_08
OpenCV_036_08_vs_130_08_A_to_B,OpenCV,A_to_B,MAD22/original_sorted/OpenCV/036_08-vs-130_08.jpg,MAD22/original_sorted/BonaFide/036_08.jpg,MAD22/original_sorted/BonaFide/130_08.jpg,036_08,130_08,036_08,130_08
OpenCV_036_08_vs_130_08_B_to_A,OpenCV,B_to_A,MAD22/original_sorted/OpenCV/036_08-vs-130_08.jpg,MAD22/original_sorted/BonaFide/130_08.jpg,MAD22/original_sorted/BonaFide/036_08.jpg,130_08,036_08,036_08,130_08
OpenCV_036_08_vs_141_08_A_to_B,OpenCV,A_to_B,MAD22/original_sorted/OpenCV/036_08-vs-141_08.jpg,MAD22/original_sorted/BonaFide/036_08.jpg,MAD22/original_sorted/BonaFide/141_08.jpg,036_08,141_08,036_08,141_08
OpenCV_036_08_vs_141_08_B_to_A,OpenCV,B_to_A,MAD22/original_sorted/OpenCV/036_08-vs-141_08.jpg,MAD22/original_sorted/BonaFide/141_08.jpg,MAD22/original_sorted/BonaFide/036_08.jpg,141_08,036_08,036_08,141_08
OpenCV_036_08_vs_142_08_A_to_B,OpenCV,A_to_B,MAD22/original_sorted/OpenCV/036_08-vs-142_08.jpg,MAD22/original_sorted/BonaFide/036_08.jpg,MAD22/original_sorted/BonaFide/142_08.jpg,036_08,142_08,036_08,142_08
OpenCV_036_08_vs_142_08_B_to_A,OpenCV,B_to_A,MAD22/original_sorted/OpenCV/036_08-vs-142_08.jpg,MAD22/original_sorted/BonaFide/142_08.jpg,MAD22/original_sorted/BonaFide/036_08.jpg,142_08,036_08,036_08,142_08
OpenCV_037_03_vs_103_03_A_to_B,OpenCV,A_to_B,MAD22/original_sorted/OpenCV/037_03-vs-103_03.jpg,MAD22/original_sorted/BonaFide/037_03.jpg,MAD22/original_sorted/BonaFide/103_03.jpg,037_03,103_03,037_03,103_03
OpenCV_037_03_vs_103_03_B_to_A,OpenCV,B_to_A,MAD22/original_sorted/OpenCV/037_03-vs-103_03.jpg,MAD22/original_sorted/BonaFide/103_03.jpg,MAD22/original_sorted/BonaFide/037_03.jpg,103_03,037_03,037_03,103_03
OpenCV_037_03_vs_108_03_A_to_B,OpenCV,A_to_B,MAD22/original_sorted/OpenCV/037_03-vs-108_03.jpg,MAD22/original_sorted/BonaFide/037_03.jpg,MAD22/original_sorted/BonaFide/108_03.jpg,037_03,108_03,037_03,108_03
OpenCV_037_03_vs_108_03_B_to_A,OpenCV,B_to_A,MAD22/original_sorted/OpenCV/037_03-vs-108_03.jpg,MAD22/original_sorted/BonaFide/108_03.jpg,MAD22/original_sorted/BonaFide/037_03.jpg,108_03,037_03,037_03,108_03
OpenCV_037_03_vs_132_03_A_to_B,OpenCV,A_to_B,MAD22/original_sorted/OpenCV/037_03-vs-132_03.jpg,MAD22/original_sorted/BonaFide/037_03.jpg,MAD22/original_sorted/BonaFide/132_03.jpg,037_03,132_03,037_03,132_03
OpenCV_037_03_vs_132_03_B_to_A,OpenCV,B_to_A,MAD22/original_sorted/OpenCV/037_03-vs-132_03.jpg,MAD22/original_sorted/BonaFide/132_03.jpg,MAD22/original_sorted/BonaFide/037_03.jpg,132_03,037_03,037_03,132_03
OpenCV_037_03_vs_172_03_A_to_B,OpenCV,A_to_B,MAD22/original_sorted/OpenCV/037_03-vs-172_03.jpg,MAD22/original_sorted/BonaFide/037_03.jpg,MAD22/original_sorted/BonaFide/172_03.jpg,037_03,172_03,037_03,172_03
OpenCV_037_03_vs_172_03_B_to_A,OpenCV,B_to_A,MAD22/original_sorted/OpenCV/037_03-vs-172_03.jpg,MAD22/original_sorted/BonaFide/172_03.jpg,MAD22/original_sorted/BonaFide/037_03.jpg,172_03,037_03,037_03,172_03
OpenCV_038_08_vs_062_08_A_to_B,OpenCV,A_to_B,MAD22/original_sorted/OpenCV/038_08-vs-062_08.jpg,MAD22/original_sorted/BonaFide/038_08.jpg,MAD22/original_sorted/BonaFide/062_08.jpg,038_08,062_08,038_08,062_08
OpenCV_038_08_vs_062_08_B_to_A,OpenCV,B_to_A,MAD22/original_sorted/OpenCV/038_08-vs-062_08.jpg,MAD22/original_sorted/BonaFide/062_08.jpg,MAD22/original_sorted/BonaFide/038_08.jpg,062_08,038_08,038_08,062_08
OpenCV_038_08_vs_099_08_A_to_B,OpenCV,A_to_B,MAD22/original_sorted/OpenCV/038_08-vs-099_08.jpg,MAD22/original_sorted/BonaFide/038_08.jpg,MAD22/original_sorted/BonaFide/099_08.jpg,038_08,099_08,038_08,099_08
OpenCV_038_08_vs_099_08_B_to_A,OpenCV,B_to_A,MAD22/original_sorted/OpenCV/038_08-vs-099_08.jpg,MAD22/original_sorted/BonaFide/099_08.jpg,MAD22/original_sorted/BonaFide/038_08.jpg,099_08,038_08,038_08,099_08
OpenCV_038_08_vs_102_08_A_to_B,OpenCV,A_to_B,MAD22/original_sorted/OpenCV/038_08-vs-102_08.jpg,MAD22/original_sorted/BonaFide/038_08.jpg,MAD22/original_sorted/BonaFide/102_08.jpg,038_08,102_08,038_08,102_08
OpenCV_038_08_vs_102_08_B_to_A,OpenCV,B_to_A,MAD22/original_sorted/OpenCV/038_08-vs-102_08.jpg,MAD22/original_sorted/BonaFide/102_08.jpg,MAD22/original_sorted/BonaFide/038_08.jpg,102_08,038_08,038_08,102_08
OpenCV_038_08_vs_124_08_A_to_B,OpenCV,A_to_B,MAD22/original_sorted/OpenCV/038_08-vs-124_08.jpg,MAD22/original_sorted/BonaFide/038_08.jpg,MAD22/original_sorted/BonaFide/124_08.jpg,038_08,124_08,038_08,124_08
OpenCV_038_08_vs_124_08_B_to_A,OpenCV,B_to_A,MAD22/original_sorted/OpenCV/038_08-vs-124_08.jpg,MAD22/original_sorted/BonaFide/124_08.jpg,MAD22/original_sorted/BonaFide/038_08.jpg,124_08,038_08,038_08,124_08
OpenCV_038_08_vs_129_08_A_to_B,OpenCV,A_to_B,MAD22/original_sorted/OpenCV/038_08-vs-129_08.jpg,MAD22/original_sorted/BonaFide/038_08.jpg,MAD22/original_sorted/BonaFide/129_08.jpg,038_08,129_08,038_08,129_08
OpenCV_038_08_vs_129_08_B_to_A,OpenCV,B_to_A,MAD22/original_sorted/OpenCV/038_08-vs-129_08.jpg,MAD22/original_sorted/BonaFide/129_08.jpg,MAD22/original_sorted/BonaFide/038_08.jpg,129_08,038_08,038_08,129_08
OpenCV_038_08_vs_136_08_A_to_B,OpenCV,A_to_B,MAD22/original_sorted/OpenCV/038_08-vs-136_08.jpg,MAD22/original_sorted/BonaFide/038_08.jpg,MAD22/original_sorted/BonaFide/136_08.jpg,038_08,136_08,038_08,136_08
OpenCV_038_08_vs_136_08_B_to_A,OpenCV,B_to_A,MAD22/original_sorted/OpenCV/038_08-vs-136_08.jpg,MAD22/original_sorted/BonaFide/136_08.jpg,MAD22/original_sorted/BonaFide/038_08.jpg,136_08,038_08,038_08,136_08
OpenCV_039_03_vs_090_03_A_to_B,OpenCV,A_to_B,MAD22/original_sorted/OpenCV/039_03-vs-090_03.jpg,MAD22/original_sorted/BonaFide/039_03.jpg,MAD22/original_sorted/BonaFide/090_03.jpg,039_03,090_03,039_03,090_03
OpenCV_039_03_vs_090_03_B_to_A,OpenCV,B_to_A,MAD22/original_sorted/OpenCV/039_03-vs-090_03.jpg,MAD22/original_sorted/BonaFide/090_03.jpg,MAD22/original_sorted/BonaFide/039_03.jpg,090_03,039_03,039_03,090_03
OpenCV_039_03_vs_144_03_A_to_B,OpenCV,A_to_B,MAD22/original_sorted/OpenCV/039_03-vs-144_03.jpg,MAD22/original_sorted/BonaFide/039_03.jpg,MAD22/original_sorted/BonaFide/144_03.jpg,039_03,144_03,039_03,144_03
OpenCV_039_03_vs_144_03_B_to_A,OpenCV,B_to_A,MAD22/original_sorted/OpenCV/039_03-vs-144_03.jpg,MAD22/original_sorted/BonaFide/144_03.jpg,MAD22/original_sorted/BonaFide/039_03.jpg,144_03,039_03,039_03,144_03
OpenCV_039_08_vs_090_08_A_to_B,OpenCV,A_to_B,MAD22/original_sorted/OpenCV/039_08-vs-090_08.jpg,MAD22/original_sorted/BonaFide/039_08.jpg,MAD22/original_sorted/BonaFide/090_08.jpg,039_08,090_08,039_08,090_08
OpenCV_039_08_vs_090_08_B_to_A,OpenCV,B_to_A,MAD22/original_sorted/OpenCV/039_08-vs-090_08.jpg,MAD22/original_sorted/BonaFide/090_08.jpg,MAD22/original_sorted/BonaFide/039_08.jpg,090_08,039_08,039_08,090_08
OpenCV_039_08_vs_097_08_A_to_B,OpenCV,A_to_B,MAD22/original_sorted/OpenCV/039_08-vs-097_08.jpg,MAD22/original_sorted/BonaFide/039_08.jpg,MAD22/original_sorted/BonaFide/097_08.jpg,039_08,097_08,039_08,097_08
OpenCV_039_08_vs_097_08_B_to_A,OpenCV,B_to_A,MAD22/original_sorted/OpenCV/039_08-vs-097_08.jpg,MAD22/original_sorted/BonaFide/097_08.jpg,MAD22/original_sorted/BonaFide/039_08.jpg,097_08,039_08,039_08,097_08
OpenCV_039_08_vs_102_08_A_to_B,OpenCV,A_to_B,MAD22/original_sorted/OpenCV/039_08-vs-102_08.jpg,MAD22/original_sorted/BonaFide/039_08.jpg,MAD22/original_sorted/BonaFide/102_08.jpg,039_08,102_08,039_08,102_08
OpenCV_039_08_vs_102_08_B_to_A,OpenCV,B_to_A,MAD22/original_sorted/OpenCV/039_08-vs-102_08.jpg,MAD22/original_sorted/BonaFide/102_08.jpg,MAD22/original_sorted/BonaFide/039_08.jpg,102_08,039_08,039_08,102_08
OpenCV_039_08_vs_107_08_A_to_B,OpenCV,A_to_B,MAD22/original_sorted/OpenCV/039_08-vs-107_08.jpg,MAD22/original_sorted/BonaFide/039_08.jpg,MAD22/original_sorted/BonaFide/107_08.jpg,039_08,107_08,039_08,107_08
OpenCV_039_08_vs_107_08_B_to_A,OpenCV,B_to_A,MAD22/original_sorted/OpenCV/039_08-vs-107_08.jpg,MAD22/original_sorted/BonaFide/107_08.jpg,MAD22/original_sorted/BonaFide/039_08.jpg,107_08,039_08,039_08,107_08
OpenCV_039_08_vs_118_08_A_to_B,OpenCV,A_to_B,MAD22/original_sorted/OpenCV/039_08-vs-118_08.jpg,MAD22/original_sorted/BonaFide/039_08.jpg,MAD22/original_sorted/BonaFide/118_08.jpg,039_08,118_08,039_08,118_08
OpenCV_039_08_vs_118_08_B_to_A,OpenCV,B_to_A,MAD22/original_sorted/OpenCV/039_08-vs-118_08.jpg,MAD22/original_sorted/BonaFide/118_08.jpg,MAD22/original_sorted/BonaFide/039_08.jpg,118_08,039_08,039_08,118_08
OpenCV_039_08_vs_124_08_A_to_B,OpenCV,A_to_B,MAD22/original_sorted/OpenCV/039_08-vs-124_08.jpg,MAD22/original_sorted/BonaFide/039_08.jpg,MAD22/original_sorted/BonaFide/124_08.jpg,039_08,124_08,039_08,124_08
OpenCV_039_08_vs_124_08_B_to_A,OpenCV,B_to_A,MAD22/original_sorted/OpenCV/039_08-vs-124_08.jpg,MAD22/original_sorted/BonaFide/124_08.jpg,MAD22/original_sorted/BonaFide/039_08.jpg,124_08,039_08,039_08,124_08
OpenCV_039_08_vs_139_08_A_to_B,OpenCV,A_to_B,MAD22/original_sorted/OpenCV/039_08-vs-139_08.jpg,MAD22/original_sorted/BonaFide/039_08.jpg,MAD22/original_sorted/BonaFide/139_08.jpg,039_08,139_08,039_08,139_08
OpenCV_039_08_vs_139_08_B_to_A,OpenCV,B_to_A,MAD22/original_sorted/OpenCV/039_08-vs-139_08.jpg,MAD22/original_sorted/BonaFide/139_08.jpg,MAD22/original_sorted/BonaFide/039_08.jpg,139_08,039_08,039_08,139_08
OpenCV_039_08_vs_144_08_A_to_B,OpenCV,A_to_B,MAD22/original_sorted/OpenCV/039_08-vs-144_08.jpg,MAD22/original_sorted/BonaFide/039_08.jpg,MAD22/original_sorted/BonaFide/144_08.jpg,039_08,144_08,039_08,144_08
OpenCV_039_08_vs_144_08_B_to_A,OpenCV,B_to_A,MAD22/original_sorted/OpenCV/039_08-vs-144_08.jpg,MAD22/original_sorted/BonaFide/144_08.jpg,MAD22/original_sorted/BonaFide/039_08.jpg,144_08,039_08,039_08,144_08
OpenCV_041_03_vs_123_03_A_to_B,OpenCV,A_to_B,MAD22/original_sorted/OpenCV/041_03-vs-123_03.jpg,MAD22/original_sorted/BonaFide/041_03.jpg,MAD22/original_sorted/BonaFide/123_03.jpg,041_03,123_03,041_03,123_03
OpenCV_041_03_vs_123_03_B_to_A,OpenCV,B_to_A,MAD22/original_sorted/OpenCV/041_03-vs-123_03.jpg,MAD22/original_sorted/BonaFide/123_03.jpg,MAD22/original_sorted/BonaFide/041_03.jpg,123_03,041_03,041_03,123_03
OpenCV_041_03_vs_137_03_A_to_B,OpenCV,A_to_B,MAD22/original_sorted/OpenCV/041_03-vs-137_03.jpg,MAD22/original_sorted/BonaFide/041_03.jpg,MAD22/original_sorted/BonaFide/137_03.jpg,041_03,137_03,041_03,137_03
OpenCV_041_03_vs_137_03_B_to_A,OpenCV,B_to_A,MAD22/original_sorted/OpenCV/041_03-vs-137_03.jpg,MAD22/original_sorted/BonaFide/137_03.jpg,MAD22/original_sorted/BonaFide/041_03.jpg,137_03,041_03,041_03,137_03
OpenCV_041_03_vs_138_03_A_to_B,OpenCV,A_to_B,MAD22/original_sorted/OpenCV/041_03-vs-138_03.jpg,MAD22/original_sorted/BonaFide/041_03.jpg,MAD22/original_sorted/BonaFide/138_03.jpg,041_03,138_03,041_03,138_03
OpenCV_041_03_vs_138_03_B_to_A,OpenCV,B_to_A,MAD22/original_sorted/OpenCV/041_03-vs-138_03.jpg,MAD22/original_sorted/BonaFide/138_03.jpg,MAD22/original_sorted/BonaFide/041_03.jpg,138_03,041_03,041_03,138_03
OpenCV_041_03_vs_143_03_A_to_B,OpenCV,A_to_B,MAD22/original_sorted/OpenCV/041_03-vs-143_03.jpg,MAD22/original_sorted/BonaFide/041_03.jpg,MAD22/original_sorted/BonaFide/143_03.jpg,041_03,143_03,041_03,143_03
OpenCV_041_03_vs_143_03_B_to_A,OpenCV,B_to_A,MAD22/original_sorted/OpenCV/041_03-vs-143_03.jpg,MAD22/original_sorted/BonaFide/143_03.jpg,MAD22/original_sorted/BonaFide/041_03.jpg,143_03,041_03,041_03,143_03
OpenCV_041_03_vs_173_03_A_to_B,OpenCV,A_to_B,MAD22/original_sorted/OpenCV/041_03-vs-173_03.jpg,MAD22/original_sorted/BonaFide/041_03.jpg,MAD22/original_sorted/BonaFide/173_03.jpg,041_03,173_03,041_03,173_03
OpenCV_041_03_vs_173_03_B_to_A,OpenCV,B_to_A,MAD22/original_sorted/OpenCV/041_03-vs-173_03.jpg,MAD22/original_sorted/BonaFide/173_03.jpg,MAD22/original_sorted/BonaFide/041_03.jpg,173_03,041_03,041_03,173_03
OpenCV_041_08_vs_044_08_A_to_B,OpenCV,A_to_B,MAD22/original_sorted/OpenCV/041_08-vs-044_08.jpg,MAD22/original_sorted/BonaFide/041_08.jpg,MAD22/original_sorted/BonaFide/044_08.jpg,041_08,044_08,041_08,044_08
OpenCV_041_08_vs_044_08_B_to_A,OpenCV,B_to_A,MAD22/original_sorted/OpenCV/041_08-vs-044_08.jpg,MAD22/original_sorted/BonaFide/044_08.jpg,MAD22/original_sorted/BonaFide/041_08.jpg,044_08,041_08,041_08,044_08
OpenCV_041_08_vs_069_08_A_to_B,OpenCV,A_to_B,MAD22/original_sorted/OpenCV/041_08-vs-069_08.jpg,MAD22/original_sorted/BonaFide/041_08.jpg,MAD22/original_sorted/BonaFide/069_08.jpg,041_08,069_08,041_08,069_08
OpenCV_041_08_vs_069_08_B_to_A,OpenCV,B_to_A,MAD22/original_sorted/OpenCV/041_08-vs-069_08.jpg,MAD22/original_sorted/BonaFide/069_08.jpg,MAD22/original_sorted/BonaFide/041_08.jpg,069_08,041_08,041_08,069_08
OpenCV_041_08_vs_143_08_A_to_B,OpenCV,A_to_B,MAD22/original_sorted/OpenCV/041_08-vs-143_08.jpg,MAD22/original_sorted/BonaFide/041_08.jpg,MAD22/original_sorted/BonaFide/143_08.jpg,041_08,143_08,041_08,143_08
OpenCV_041_08_vs_143_08_B_to_A,OpenCV,B_to_A,MAD22/original_sorted/OpenCV/041_08-vs-143_08.jpg,MAD22/original_sorted/BonaFide/143_08.jpg,MAD22/original_sorted/BonaFide/041_08.jpg,143_08,041_08,041_08,143_08
OpenCV_042_03_vs_115_03_A_to_B,OpenCV,A_to_B,MAD22/original_sorted/OpenCV/042_03-vs-115_03.jpg,MAD22/original_sorted/BonaFide/042_03.jpg,MAD22/original_sorted/BonaFide/115_03.jpg,042_03,115_03,042_03,115_03
OpenCV_042_03_vs_115_03_B_to_A,OpenCV,B_to_A,MAD22/original_sorted/OpenCV/042_03-vs-115_03.jpg,MAD22/original_sorted/BonaFide/115_03.jpg,MAD22/original_sorted/BonaFide/042_03.jpg,115_03,042_03,042_03,115_03
OpenCV_042_03_vs_137_03_A_to_B,OpenCV,A_to_B,MAD22/original_sorted/OpenCV/042_03-vs-137_03.jpg,MAD22/original_sorted/BonaFide/042_03.jpg,MAD22/original_sorted/BonaFide/137_03.jpg,042_03,137_03,042_03,137_03
OpenCV_042_03_vs_137_03_B_to_A,OpenCV,B_to_A,MAD22/original_sorted/OpenCV/042_03-vs-137_03.jpg,MAD22/original_sorted/BonaFide/137_03.jpg,MAD22/original_sorted/BonaFide/042_03.jpg,137_03,042_03,042_03,137_03
OpenCV_042_03_vs_141_03_A_to_B,OpenCV,A_to_B,MAD22/original_sorted/OpenCV/042_03-vs-141_03.jpg,MAD22/original_sorted/BonaFide/042_03.jpg,MAD22/original_sorted/BonaFide/141_03.jpg,042_03,141_03,042_03,141_03
OpenCV_042_03_vs_141_03_B_to_A,OpenCV,B_to_A,MAD22/original_sorted/OpenCV/042_03-vs-141_03.jpg,MAD22/original_sorted/BonaFide/141_03.jpg,MAD22/original_sorted/BonaFide/042_03.jpg,141_03,042_03,042_03,141_03
OpenCV_042_08_vs_045_08_A_to_B,OpenCV,A_to_B,MAD22/original_sorted/OpenCV/042_08-vs-045_08.jpg,MAD22/original_sorted/BonaFide/042_08.jpg,MAD22/original_sorted/BonaFide/045_08.jpg,042_08,045_08,042_08,045_08
OpenCV_042_08_vs_045_08_B_to_A,OpenCV,B_to_A,MAD22/original_sorted/OpenCV/042_08-vs-045_08.jpg,MAD22/original_sorted/BonaFide/045_08.jpg,MAD22/original_sorted/BonaFide/042_08.jpg,045_08,042_08,042_08,045_08
OpenCV_042_08_vs_115_08_A_to_B,OpenCV,A_to_B,MAD22/original_sorted/OpenCV/042_08-vs-115_08.jpg,MAD22/original_sorted/BonaFide/042_08.jpg,MAD22/original_sorted/BonaFide/115_08.jpg,042_08,115_08,042_08,115_08
OpenCV_042_08_vs_115_08_B_to_A,OpenCV,B_to_A,MAD22/original_sorted/OpenCV/042_08-vs-115_08.jpg,MAD22/original_sorted/BonaFide/115_08.jpg,MAD22/original_sorted/BonaFide/042_08.jpg,115_08,042_08,042_08,115_08
OpenCV_042_08_vs_140_08_A_to_B,OpenCV,A_to_B,MAD22/original_sorted/OpenCV/042_08-vs-140_08.jpg,MAD22/original_sorted/BonaFide/042_08.jpg,MAD22/original_sorted/BonaFide/140_08.jpg,042_08,140_08,042_08,140_08
OpenCV_042_08_vs_140_08_B_to_A,OpenCV,B_to_A,MAD22/original_sorted/OpenCV/042_08-vs-140_08.jpg,MAD22/original_sorted/BonaFide/140_08.jpg,MAD22/original_sorted/BonaFide/042_08.jpg,140_08,042_08,042_08,140_08
OpenCV_042_08_vs_141_08_A_to_B,OpenCV,A_to_B,MAD22/original_sorted/OpenCV/042_08-vs-141_08.jpg,MAD22/original_sorted/BonaFide/042_08.jpg,MAD22/original_sorted/BonaFide/141_08.jpg,042_08,141_08,042_08,141_08
OpenCV_042_08_vs_141_08_B_to_A,OpenCV,B_to_A,MAD22/original_sorted/OpenCV/042_08-vs-141_08.jpg,MAD22/original_sorted/BonaFide/141_08.jpg,MAD22/original_sorted/BonaFide/042_08.jpg,141_08,042_08,042_08,141_08
OpenCV_043_03_vs_092_03_A_to_B,OpenCV,A_to_B,MAD22/original_sorted/OpenCV/043_03-vs-092_03.jpg,MAD22/original_sorted/BonaFide/043_03.jpg,MAD22/original_sorted/BonaFide/092_03.jpg,043_03,092_03,043_03,092_03
OpenCV_043_03_vs_092_03_B_to_A,OpenCV,B_to_A,MAD22/original_sorted/OpenCV/043_03-vs-092_03.jpg,MAD22/original_sorted/BonaFide/092_03.jpg,MAD22/original_sorted/BonaFide/043_03.jpg,092_03,043_03,043_03,092_03
OpenCV_043_03_vs_172_03_A_to_B,OpenCV,A_to_B,MAD22/original_sorted/OpenCV/043_03-vs-172_03.jpg,MAD22/original_sorted/BonaFide/043_03.jpg,MAD22/original_sorted/BonaFide/172_03.jpg,043_03,172_03,043_03,172_03
OpenCV_043_03_vs_172_03_B_to_A,OpenCV,B_to_A,MAD22/original_sorted/OpenCV/043_03-vs-172_03.jpg,MAD22/original_sorted/BonaFide/172_03.jpg,MAD22/original_sorted/BonaFide/043_03.jpg,172_03,043_03,043_03,172_03
OpenCV_043_08_vs_044_08_A_to_B,OpenCV,A_to_B,MAD22/original_sorted/OpenCV/043_08-vs-044_08.jpg,MAD22/original_sorted/BonaFide/043_08.jpg,MAD22/original_sorted/BonaFide/044_08.jpg,043_08,044_08,043_08,044_08
OpenCV_043_08_vs_044_08_B_to_A,OpenCV,B_to_A,MAD22/original_sorted/OpenCV/043_08-vs-044_08.jpg,MAD22/original_sorted/BonaFide/044_08.jpg,MAD22/original_sorted/BonaFide/043_08.jpg,044_08,043_08,043_08,044_08
OpenCV_043_08_vs_045_08_A_to_B,OpenCV,A_to_B,MAD22/original_sorted/OpenCV/043_08-vs-045_08.jpg,MAD22/original_sorted/BonaFide/043_08.jpg,MAD22/original_sorted/BonaFide/045_08.jpg,043_08,045_08,043_08,045_08
OpenCV_043_08_vs_045_08_B_to_A,OpenCV,B_to_A,MAD22/original_sorted/OpenCV/043_08-vs-045_08.jpg,MAD22/original_sorted/BonaFide/045_08.jpg,MAD22/original_sorted/BonaFide/043_08.jpg,045_08,043_08,043_08,045_08
OpenCV_043_08_vs_123_08_A_to_B,OpenCV,A_to_B,MAD22/original_sorted/OpenCV/043_08-vs-123_08.jpg,MAD22/original_sorted/BonaFide/043_08.jpg,MAD22/original_sorted/BonaFide/123_08.jpg,043_08,123_08,043_08,123_08
OpenCV_043_08_vs_123_08_B_to_A,OpenCV,B_to_A,MAD22/original_sorted/OpenCV/043_08-vs-123_08.jpg,MAD22/original_sorted/BonaFide/123_08.jpg,MAD22/original_sorted/BonaFide/043_08.jpg,123_08,043_08,043_08,123_08
OpenCV_043_08_vs_172_08_A_to_B,OpenCV,A_to_B,MAD22/original_sorted/OpenCV/043_08-vs-172_08.jpg,MAD22/original_sorted/BonaFide/043_08.jpg,MAD22/original_sorted/BonaFide/172_08.jpg,043_08,172_08,043_08,172_08
OpenCV_043_08_vs_172_08_B_to_A,OpenCV,B_to_A,MAD22/original_sorted/OpenCV/043_08-vs-172_08.jpg,MAD22/original_sorted/BonaFide/172_08.jpg,MAD22/original_sorted/BonaFide/043_08.jpg,172_08,043_08,043_08,172_08
OpenCV_044_03_vs_067_03_A_to_B,OpenCV,A_to_B,MAD22/original_sorted/OpenCV/044_03-vs-067_03.jpg,MAD22/original_sorted/BonaFide/044_03.jpg,MAD22/original_sorted/BonaFide/067_03.jpg,044_03,067_03,044_03,067_03
OpenCV_044_03_vs_067_03_B_to_A,OpenCV,B_to_A,MAD22/original_sorted/OpenCV/044_03-vs-067_03.jpg,MAD22/original_sorted/BonaFide/067_03.jpg,MAD22/original_sorted/BonaFide/044_03.jpg,067_03,044_03,044_03,067_03
OpenCV_044_03_vs_082_03_A_to_B,OpenCV,A_to_B,MAD22/original_sorted/OpenCV/044_03-vs-082_03.jpg,MAD22/original_sorted/BonaFide/044_03.jpg,MAD22/original_sorted/BonaFide/082_03.jpg,044_03,082_03,044_03,082_03
OpenCV_044_03_vs_082_03_B_to_A,OpenCV,B_to_A,MAD22/original_sorted/OpenCV/044_03-vs-082_03.jpg,MAD22/original_sorted/BonaFide/082_03.jpg,MAD22/original_sorted/BonaFide/044_03.jpg,082_03,044_03,044_03,082_03
OpenCV_044_03_vs_115_03_A_to_B,OpenCV,A_to_B,MAD22/original_sorted/OpenCV/044_03-vs-115_03.jpg,MAD22/original_sorted/BonaFide/044_03.jpg,MAD22/original_sorted/BonaFide/115_03.jpg,044_03,115_03,044_03,115_03
OpenCV_044_03_vs_115_03_B_to_A,OpenCV,B_to_A,MAD22/original_sorted/OpenCV/044_03-vs-115_03.jpg,MAD22/original_sorted/BonaFide/115_03.jpg,MAD22/original_sorted/BonaFide/044_03.jpg,115_03,044_03,044_03,115_03
OpenCV_044_03_vs_173_03_A_to_B,OpenCV,A_to_B,MAD22/original_sorted/OpenCV/044_03-vs-173_03.jpg,MAD22/original_sorted/BonaFide/044_03.jpg,MAD22/original_sorted/BonaFide/173_03.jpg,044_03,173_03,044_03,173_03
OpenCV_044_03_vs_173_03_B_to_A,OpenCV,B_to_A,MAD22/original_sorted/OpenCV/044_03-vs-173_03.jpg,MAD22/original_sorted/BonaFide/173_03.jpg,MAD22/original_sorted/BonaFide/044_03.jpg,173_03,044_03,044_03,173_03
OpenCV_044_08_vs_061_08_A_to_B,OpenCV,A_to_B,MAD22/original_sorted/OpenCV/044_08-vs-061_08.jpg,MAD22/original_sorted/BonaFide/044_08.jpg,MAD22/original_sorted/BonaFide/061_08.jpg,044_08,061_08,044_08,061_08
OpenCV_044_08_vs_061_08_B_to_A,OpenCV,B_to_A,MAD22/original_sorted/OpenCV/044_08-vs-061_08.jpg,MAD22/original_sorted/BonaFide/061_08.jpg,MAD22/original_sorted/BonaFide/044_08.jpg,061_08,044_08,044_08,061_08
OpenCV_044_08_vs_082_08_A_to_B,OpenCV,A_to_B,MAD22/original_sorted/OpenCV/044_08-vs-082_08.jpg,MAD22/original_sorted/BonaFide/044_08.jpg,MAD22/original_sorted/BonaFide/082_08.jpg,044_08,082_08,044_08,082_08
OpenCV_044_08_vs_082_08_B_to_A,OpenCV,B_to_A,MAD22/original_sorted/OpenCV/044_08-vs-082_08.jpg,MAD22/original_sorted/BonaFide/082_08.jpg,MAD22/original_sorted/BonaFide/044_08.jpg,082_08,044_08,044_08,082_08
OpenCV_044_08_vs_115_08_A_to_B,OpenCV,A_to_B,MAD22/original_sorted/OpenCV/044_08-vs-115_08.jpg,MAD22/original_sorted/BonaFide/044_08.jpg,MAD22/original_sorted/BonaFide/115_08.jpg,044_08,115_08,044_08,115_08
OpenCV_044_08_vs_115_08_B_to_A,OpenCV,B_to_A,MAD22/original_sorted/OpenCV/044_08-vs-115_08.jpg,MAD22/original_sorted/BonaFide/115_08.jpg,MAD22/original_sorted/BonaFide/044_08.jpg,115_08,044_08,044_08,115_08
OpenCV_045_08_vs_063_08_A_to_B,OpenCV,A_to_B,MAD22/original_sorted/OpenCV/045_08-vs-063_08.jpg,MAD22/original_sorted/BonaFide/045_08.jpg,MAD22/original_sorted/BonaFide/063_08.jpg,045_08,063_08,045_08,063_08
OpenCV_045_08_vs_063_08_B_to_A,OpenCV,B_to_A,MAD22/original_sorted/OpenCV/045_08-vs-063_08.jpg,MAD22/original_sorted/BonaFide/063_08.jpg,MAD22/original_sorted/BonaFide/045_08.jpg,063_08,045_08,045_08,063_08
OpenCV_045_08_vs_082_08_A_to_B,OpenCV,A_to_B,MAD22/original_sorted/OpenCV/045_08-vs-082_08.jpg,MAD22/original_sorted/BonaFide/045_08.jpg,MAD22/original_sorted/BonaFide/082_08.jpg,045_08,082_08,045_08,082_08
OpenCV_045_08_vs_082_08_B_to_A,OpenCV,B_to_A,MAD22/original_sorted/OpenCV/045_08-vs-082_08.jpg,MAD22/original_sorted/BonaFide/082_08.jpg,MAD22/original_sorted/BonaFide/045_08.jpg,082_08,045_08,045_08,082_08
OpenCV_045_08_vs_123_08_A_to_B,OpenCV,A_to_B,MAD22/original_sorted/OpenCV/045_08-vs-123_08.jpg,MAD22/original_sorted/BonaFide/045_08.jpg,MAD22/original_sorted/BonaFide/123_08.jpg,045_08,123_08,045_08,123_08
OpenCV_045_08_vs_123_08_B_to_A,OpenCV,B_to_A,MAD22/original_sorted/OpenCV/045_08-vs-123_08.jpg,MAD22/original_sorted/BonaFide/123_08.jpg,MAD22/original_sorted/BonaFide/045_08.jpg,123_08,045_08,045_08,123_08
OpenCV_045_08_vs_128_08_A_to_B,OpenCV,A_to_B,MAD22/original_sorted/OpenCV/045_08-vs-128_08.jpg,MAD22/original_sorted/BonaFide/045_08.jpg,MAD22/original_sorted/BonaFide/128_08.jpg,045_08,128_08,045_08,128_08
OpenCV_045_08_vs_128_08_B_to_A,OpenCV,B_to_A,MAD22/original_sorted/OpenCV/045_08-vs-128_08.jpg,MAD22/original_sorted/BonaFide/128_08.jpg,MAD22/original_sorted/BonaFide/045_08.jpg,128_08,045_08,045_08,128_08
OpenCV_045_08_vs_140_08_A_to_B,OpenCV,A_to_B,MAD22/original_sorted/OpenCV/045_08-vs-140_08.jpg,MAD22/original_sorted/BonaFide/045_08.jpg,MAD22/original_sorted/BonaFide/140_08.jpg,045_08,140_08,045_08,140_08
OpenCV_045_08_vs_140_08_B_to_A,OpenCV,B_to_A,MAD22/original_sorted/OpenCV/045_08-vs-140_08.jpg,MAD22/original_sorted/BonaFide/140_08.jpg,MAD22/original_sorted/BonaFide/045_08.jpg,140_08,045_08,045_08,140_08
OpenCV_045_08_vs_143_08_A_to_B,OpenCV,A_to_B,MAD22/original_sorted/OpenCV/045_08-vs-143_08.jpg,MAD22/original_sorted/BonaFide/045_08.jpg,MAD22/original_sorted/BonaFide/143_08.jpg,045_08,143_08,045_08,143_08
OpenCV_045_08_vs_143_08_B_to_A,OpenCV,B_to_A,MAD22/original_sorted/OpenCV/045_08-vs-143_08.jpg,MAD22/original_sorted/BonaFide/143_08.jpg,MAD22/original_sorted/BonaFide/045_08.jpg,143_08,045_08,045_08,143_08
OpenCV_061_03_vs_121_03_A_to_B,OpenCV,A_to_B,MAD22/original_sorted/OpenCV/061_03-vs-121_03.jpg,MAD22/original_sorted/BonaFide/061_03.jpg,MAD22/original_sorted/BonaFide/121_03.jpg,061_03,121_03,061_03,121_03
OpenCV_061_03_vs_121_03_B_to_A,OpenCV,B_to_A,MAD22/original_sorted/OpenCV/061_03-vs-121_03.jpg,MAD22/original_sorted/BonaFide/121_03.jpg,MAD22/original_sorted/BonaFide/061_03.jpg,121_03,061_03,061_03,121_03
OpenCV_061_03_vs_125_03_A_to_B,OpenCV,A_to_B,MAD22/original_sorted/OpenCV/061_03-vs-125_03.jpg,MAD22/original_sorted/BonaFide/061_03.jpg,MAD22/original_sorted/BonaFide/125_03.jpg,061_03,125_03,061_03,125_03
OpenCV_061_03_vs_125_03_B_to_A,OpenCV,B_to_A,MAD22/original_sorted/OpenCV/061_03-vs-125_03.jpg,MAD22/original_sorted/BonaFide/125_03.jpg,MAD22/original_sorted/BonaFide/061_03.jpg,125_03,061_03,061_03,125_03
OpenCV_061_03_vs_141_03_A_to_B,OpenCV,A_to_B,MAD22/original_sorted/OpenCV/061_03-vs-141_03.jpg,MAD22/original_sorted/BonaFide/061_03.jpg,MAD22/original_sorted/BonaFide/141_03.jpg,061_03,141_03,061_03,141_03
OpenCV_061_03_vs_141_03_B_to_A,OpenCV,B_to_A,MAD22/original_sorted/OpenCV/061_03-vs-141_03.jpg,MAD22/original_sorted/BonaFide/141_03.jpg,MAD22/original_sorted/BonaFide/061_03.jpg,141_03,061_03,061_03,141_03
OpenCV_061_03_vs_142_03_A_to_B,OpenCV,A_to_B,MAD22/original_sorted/OpenCV/061_03-vs-142_03.jpg,MAD22/original_sorted/BonaFide/061_03.jpg,MAD22/original_sorted/BonaFide/142_03.jpg,061_03,142_03,061_03,142_03
OpenCV_061_03_vs_142_03_B_to_A,OpenCV,B_to_A,MAD22/original_sorted/OpenCV/061_03-vs-142_03.jpg,MAD22/original_sorted/BonaFide/142_03.jpg,MAD22/original_sorted/BonaFide/061_03.jpg,142_03,061_03,061_03,142_03
OpenCV_061_08_vs_121_08_A_to_B,OpenCV,A_to_B,MAD22/original_sorted/OpenCV/061_08-vs-121_08.jpg,MAD22/original_sorted/BonaFide/061_08.jpg,MAD22/original_sorted/BonaFide/121_08.jpg,061_08,121_08,061_08,121_08
OpenCV_061_08_vs_121_08_B_to_A,OpenCV,B_to_A,MAD22/original_sorted/OpenCV/061_08-vs-121_08.jpg,MAD22/original_sorted/BonaFide/121_08.jpg,MAD22/original_sorted/BonaFide/061_08.jpg,121_08,061_08,061_08,121_08
OpenCV_061_08_vs_125_08_A_to_B,OpenCV,A_to_B,MAD22/original_sorted/OpenCV/061_08-vs-125_08.jpg,MAD22/original_sorted/BonaFide/061_08.jpg,MAD22/original_sorted/BonaFide/125_08.jpg,061_08,125_08,061_08,125_08
OpenCV_061_08_vs_125_08_B_to_A,OpenCV,B_to_A,MAD22/original_sorted/OpenCV/061_08-vs-125_08.jpg,MAD22/original_sorted/BonaFide/125_08.jpg,MAD22/original_sorted/BonaFide/061_08.jpg,125_08,061_08,061_08,125_08
OpenCV_061_08_vs_141_08_A_to_B,OpenCV,A_to_B,MAD22/original_sorted/OpenCV/061_08-vs-141_08.jpg,MAD22/original_sorted/BonaFide/061_08.jpg,MAD22/original_sorted/BonaFide/141_08.jpg,061_08,141_08,061_08,141_08
OpenCV_061_08_vs_141_08_B_to_A,OpenCV,B_to_A,MAD22/original_sorted/OpenCV/061_08-vs-141_08.jpg,MAD22/original_sorted/BonaFide/141_08.jpg,MAD22/original_sorted/BonaFide/061_08.jpg,141_08,061_08,061_08,141_08
OpenCV_062_03_vs_118_03_A_to_B,OpenCV,A_to_B,MAD22/original_sorted/OpenCV/062_03-vs-118_03.jpg,MAD22/original_sorted/BonaFide/062_03.jpg,MAD22/original_sorted/BonaFide/118_03.jpg,062_03,118_03,062_03,118_03
OpenCV_062_03_vs_118_03_B_to_A,OpenCV,B_to_A,MAD22/original_sorted/OpenCV/062_03-vs-118_03.jpg,MAD22/original_sorted/BonaFide/118_03.jpg,MAD22/original_sorted/BonaFide/062_03.jpg,118_03,062_03,062_03,118_03
OpenCV_062_08_vs_064_08_A_to_B,OpenCV,A_to_B,MAD22/original_sorted/OpenCV/062_08-vs-064_08.jpg,MAD22/original_sorted/BonaFide/062_08.jpg,MAD22/original_sorted/BonaFide/064_08.jpg,062_08,064_08,062_08,064_08
OpenCV_062_08_vs_064_08_B_to_A,OpenCV,B_to_A,MAD22/original_sorted/OpenCV/062_08-vs-064_08.jpg,MAD22/original_sorted/BonaFide/064_08.jpg,MAD22/original_sorted/BonaFide/062_08.jpg,064_08,062_08,062_08,064_08
OpenCV_062_08_vs_066_08_A_to_B,OpenCV,A_to_B,MAD22/original_sorted/OpenCV/062_08-vs-066_08.jpg,MAD22/original_sorted/BonaFide/062_08.jpg,MAD22/original_sorted/BonaFide/066_08.jpg,062_08,066_08,062_08,066_08
OpenCV_062_08_vs_066_08_B_to_A,OpenCV,B_to_A,MAD22/original_sorted/OpenCV/062_08-vs-066_08.jpg,MAD22/original_sorted/BonaFide/066_08.jpg,MAD22/original_sorted/BonaFide/062_08.jpg,066_08,062_08,062_08,066_08
OpenCV_062_08_vs_083_08_A_to_B,OpenCV,A_to_B,MAD22/original_sorted/OpenCV/062_08-vs-083_08.jpg,MAD22/original_sorted/BonaFide/062_08.jpg,MAD22/original_sorted/BonaFide/083_08.jpg,062_08,083_08,062_08,083_08
OpenCV_062_08_vs_083_08_B_to_A,OpenCV,B_to_A,MAD22/original_sorted/OpenCV/062_08-vs-083_08.jpg,MAD22/original_sorted/BonaFide/083_08.jpg,MAD22/original_sorted/BonaFide/062_08.jpg,083_08,062_08,062_08,083_08
OpenCV_062_08_vs_094_08_A_to_B,OpenCV,A_to_B,MAD22/original_sorted/OpenCV/062_08-vs-094_08.jpg,MAD22/original_sorted/BonaFide/062_08.jpg,MAD22/original_sorted/BonaFide/094_08.jpg,062_08,094_08,062_08,094_08
OpenCV_062_08_vs_094_08_B_to_A,OpenCV,B_to_A,MAD22/original_sorted/OpenCV/062_08-vs-094_08.jpg,MAD22/original_sorted/BonaFide/094_08.jpg,MAD22/original_sorted/BonaFide/062_08.jpg,094_08,062_08,062_08,094_08
OpenCV_062_08_vs_099_08_A_to_B,OpenCV,A_to_B,MAD22/original_sorted/OpenCV/062_08-vs-099_08.jpg,MAD22/original_sorted/BonaFide/062_08.jpg,MAD22/original_sorted/BonaFide/099_08.jpg,062_08,099_08,062_08,099_08
OpenCV_062_08_vs_099_08_B_to_A,OpenCV,B_to_A,MAD22/original_sorted/OpenCV/062_08-vs-099_08.jpg,MAD22/original_sorted/BonaFide/099_08.jpg,MAD22/original_sorted/BonaFide/062_08.jpg,099_08,062_08,062_08,099_08
OpenCV_062_08_vs_102_08_A_to_B,OpenCV,A_to_B,MAD22/original_sorted/OpenCV/062_08-vs-102_08.jpg,MAD22/original_sorted/BonaFide/062_08.jpg,MAD22/original_sorted/BonaFide/102_08.jpg,062_08,102_08,062_08,102_08
OpenCV_062_08_vs_102_08_B_to_A,OpenCV,B_to_A,MAD22/original_sorted/OpenCV/062_08-vs-102_08.jpg,MAD22/original_sorted/BonaFide/102_08.jpg,MAD22/original_sorted/BonaFide/062_08.jpg,102_08,062_08,062_08,102_08
OpenCV_062_08_vs_118_08_A_to_B,OpenCV,A_to_B,MAD22/original_sorted/OpenCV/062_08-vs-118_08.jpg,MAD22/original_sorted/BonaFide/062_08.jpg,MAD22/original_sorted/BonaFide/118_08.jpg,062_08,118_08,062_08,118_08
OpenCV_062_08_vs_118_08_B_to_A,OpenCV,B_to_A,MAD22/original_sorted/OpenCV/062_08-vs-118_08.jpg,MAD22/original_sorted/BonaFide/118_08.jpg,MAD22/original_sorted/BonaFide/062_08.jpg,118_08,062_08,062_08,118_08
OpenCV_062_08_vs_124_08_A_to_B,OpenCV,A_to_B,MAD22/original_sorted/OpenCV/062_08-vs-124_08.jpg,MAD22/original_sorted/BonaFide/062_08.jpg,MAD22/original_sorted/BonaFide/124_08.jpg,062_08,124_08,062_08,124_08
OpenCV_062_08_vs_124_08_B_to_A,OpenCV,B_to_A,MAD22/original_sorted/OpenCV/062_08-vs-124_08.jpg,MAD22/original_sorted/BonaFide/124_08.jpg,MAD22/original_sorted/BonaFide/062_08.jpg,124_08,062_08,062_08,124_08
OpenCV_062_08_vs_126_08_A_to_B,OpenCV,A_to_B,MAD22/original_sorted/OpenCV/062_08-vs-126_08.jpg,MAD22/original_sorted/BonaFide/062_08.jpg,MAD22/original_sorted/BonaFide/126_08.jpg,062_08,126_08,062_08,126_08
OpenCV_062_08_vs_126_08_B_to_A,OpenCV,B_to_A,MAD22/original_sorted/OpenCV/062_08-vs-126_08.jpg,MAD22/original_sorted/BonaFide/126_08.jpg,MAD22/original_sorted/BonaFide/062_08.jpg,126_08,062_08,062_08,126_08
OpenCV_063_03_vs_092_03_A_to_B,OpenCV,A_to_B,MAD22/original_sorted/OpenCV/063_03-vs-092_03.jpg,MAD22/original_sorted/BonaFide/063_03.jpg,MAD22/original_sorted/BonaFide/092_03.jpg,063_03,092_03,063_03,092_03
OpenCV_063_03_vs_092_03_B_to_A,OpenCV,B_to_A,MAD22/original_sorted/OpenCV/063_03-vs-092_03.jpg,MAD22/original_sorted/BonaFide/092_03.jpg,MAD22/original_sorted/BonaFide/063_03.jpg,092_03,063_03,063_03,092_03
OpenCV_063_03_vs_104_03_A_to_B,OpenCV,A_to_B,MAD22/original_sorted/OpenCV/063_03-vs-104_03.jpg,MAD22/original_sorted/BonaFide/063_03.jpg,MAD22/original_sorted/BonaFide/104_03.jpg,063_03,104_03,063_03,104_03
OpenCV_063_03_vs_104_03_B_to_A,OpenCV,B_to_A,MAD22/original_sorted/OpenCV/063_03-vs-104_03.jpg,MAD22/original_sorted/BonaFide/104_03.jpg,MAD22/original_sorted/BonaFide/063_03.jpg,104_03,063_03,063_03,104_03
OpenCV_063_03_vs_115_03_A_to_B,OpenCV,A_to_B,MAD22/original_sorted/OpenCV/063_03-vs-115_03.jpg,MAD22/original_sorted/BonaFide/063_03.jpg,MAD22/original_sorted/BonaFide/115_03.jpg,063_03,115_03,063_03,115_03
OpenCV_063_03_vs_115_03_B_to_A,OpenCV,B_to_A,MAD22/original_sorted/OpenCV/063_03-vs-115_03.jpg,MAD22/original_sorted/BonaFide/115_03.jpg,MAD22/original_sorted/BonaFide/063_03.jpg,115_03,063_03,063_03,115_03
OpenCV_063_03_vs_123_03_A_to_B,OpenCV,A_to_B,MAD22/original_sorted/OpenCV/063_03-vs-123_03.jpg,MAD22/original_sorted/BonaFide/063_03.jpg,MAD22/original_sorted/BonaFide/123_03.jpg,063_03,123_03,063_03,123_03
OpenCV_063_03_vs_123_03_B_to_A,OpenCV,B_to_A,MAD22/original_sorted/OpenCV/063_03-vs-123_03.jpg,MAD22/original_sorted/BonaFide/123_03.jpg,MAD22/original_sorted/BonaFide/063_03.jpg,123_03,063_03,063_03,123_03
OpenCV_063_03_vs_125_03_A_to_B,OpenCV,A_to_B,MAD22/original_sorted/OpenCV/063_03-vs-125_03.jpg,MAD22/original_sorted/BonaFide/063_03.jpg,MAD22/original_sorted/BonaFide/125_03.jpg,063_03,125_03,063_03,125_03
OpenCV_063_03_vs_125_03_B_to_A,OpenCV,B_to_A,MAD22/original_sorted/OpenCV/063_03-vs-125_03.jpg,MAD22/original_sorted/BonaFide/125_03.jpg,MAD22/original_sorted/BonaFide/063_03.jpg,125_03,063_03,063_03,125_03
OpenCV_063_03_vs_130_03_A_to_B,OpenCV,A_to_B,MAD22/original_sorted/OpenCV/063_03-vs-130_03.jpg,MAD22/original_sorted/BonaFide/063_03.jpg,MAD22/original_sorted/BonaFide/130_03.jpg,063_03,130_03,063_03,130_03
OpenCV_063_03_vs_130_03_B_to_A,OpenCV,B_to_A,MAD22/original_sorted/OpenCV/063_03-vs-130_03.jpg,MAD22/original_sorted/BonaFide/130_03.jpg,MAD22/original_sorted/BonaFide/063_03.jpg,130_03,063_03,063_03,130_03
OpenCV_063_08_vs_069_08_A_to_B,OpenCV,A_to_B,MAD22/original_sorted/OpenCV/063_08-vs-069_08.jpg,MAD22/original_sorted/BonaFide/063_08.jpg,MAD22/original_sorted/BonaFide/069_08.jpg,063_08,069_08,063_08,069_08
OpenCV_063_08_vs_069_08_B_to_A,OpenCV,B_to_A,MAD22/original_sorted/OpenCV/063_08-vs-069_08.jpg,MAD22/original_sorted/BonaFide/069_08.jpg,MAD22/original_sorted/BonaFide/063_08.jpg,069_08,063_08,063_08,069_08
OpenCV_063_08_vs_070_08_A_to_B,OpenCV,A_to_B,MAD22/original_sorted/OpenCV/063_08-vs-070_08.jpg,MAD22/original_sorted/BonaFide/063_08.jpg,MAD22/original_sorted/BonaFide/070_08.jpg,063_08,070_08,063_08,070_08
OpenCV_063_08_vs_070_08_B_to_A,OpenCV,B_to_A,MAD22/original_sorted/OpenCV/063_08-vs-070_08.jpg,MAD22/original_sorted/BonaFide/070_08.jpg,MAD22/original_sorted/BonaFide/063_08.jpg,070_08,063_08,063_08,070_08
OpenCV_063_08_vs_092_08_A_to_B,OpenCV,A_to_B,MAD22/original_sorted/OpenCV/063_08-vs-092_08.jpg,MAD22/original_sorted/BonaFide/063_08.jpg,MAD22/original_sorted/BonaFide/092_08.jpg,063_08,092_08,063_08,092_08
OpenCV_063_08_vs_092_08_B_to_A,OpenCV,B_to_A,MAD22/original_sorted/OpenCV/063_08-vs-092_08.jpg,MAD22/original_sorted/BonaFide/092_08.jpg,MAD22/original_sorted/BonaFide/063_08.jpg,092_08,063_08,063_08,092_08
OpenCV_063_08_vs_096_08_A_to_B,OpenCV,A_to_B,MAD22/original_sorted/OpenCV/063_08-vs-096_08.jpg,MAD22/original_sorted/BonaFide/063_08.jpg,MAD22/original_sorted/BonaFide/096_08.jpg,063_08,096_08,063_08,096_08
OpenCV_063_08_vs_096_08_B_to_A,OpenCV,B_to_A,MAD22/original_sorted/OpenCV/063_08-vs-096_08.jpg,MAD22/original_sorted/BonaFide/096_08.jpg,MAD22/original_sorted/BonaFide/063_08.jpg,096_08,063_08,063_08,096_08
OpenCV_063_08_vs_115_08_A_to_B,OpenCV,A_to_B,MAD22/original_sorted/OpenCV/063_08-vs-115_08.jpg,MAD22/original_sorted/BonaFide/063_08.jpg,MAD22/original_sorted/BonaFide/115_08.jpg,063_08,115_08,063_08,115_08
OpenCV_063_08_vs_115_08_B_to_A,OpenCV,B_to_A,MAD22/original_sorted/OpenCV/063_08-vs-115_08.jpg,MAD22/original_sorted/BonaFide/115_08.jpg,MAD22/original_sorted/BonaFide/063_08.jpg,115_08,063_08,063_08,115_08
OpenCV_063_08_vs_125_08_A_to_B,OpenCV,A_to_B,MAD22/original_sorted/OpenCV/063_08-vs-125_08.jpg,MAD22/original_sorted/BonaFide/063_08.jpg,MAD22/original_sorted/BonaFide/125_08.jpg,063_08,125_08,063_08,125_08
OpenCV_063_08_vs_125_08_B_to_A,OpenCV,B_to_A,MAD22/original_sorted/OpenCV/063_08-vs-125_08.jpg,MAD22/original_sorted/BonaFide/125_08.jpg,MAD22/original_sorted/BonaFide/063_08.jpg,125_08,063_08,063_08,125_08
OpenCV_063_08_vs_130_08_A_to_B,OpenCV,A_to_B,MAD22/original_sorted/OpenCV/063_08-vs-130_08.jpg,MAD22/original_sorted/BonaFide/063_08.jpg,MAD22/original_sorted/BonaFide/130_08.jpg,063_08,130_08,063_08,130_08
OpenCV_063_08_vs_130_08_B_to_A,OpenCV,B_to_A,MAD22/original_sorted/OpenCV/063_08-vs-130_08.jpg,MAD22/original_sorted/BonaFide/130_08.jpg,MAD22/original_sorted/BonaFide/063_08.jpg,130_08,063_08,063_08,130_08
OpenCV_063_08_vs_132_08_A_to_B,OpenCV,A_to_B,MAD22/original_sorted/OpenCV/063_08-vs-132_08.jpg,MAD22/original_sorted/BonaFide/063_08.jpg,MAD22/original_sorted/BonaFide/132_08.jpg,063_08,132_08,063_08,132_08
OpenCV_063_08_vs_132_08_B_to_A,OpenCV,B_to_A,MAD22/original_sorted/OpenCV/063_08-vs-132_08.jpg,MAD22/original_sorted/BonaFide/132_08.jpg,MAD22/original_sorted/BonaFide/063_08.jpg,132_08,063_08,063_08,132_08
OpenCV_063_08_vs_140_08_A_to_B,OpenCV,A_to_B,MAD22/original_sorted/OpenCV/063_08-vs-140_08.jpg,MAD22/original_sorted/BonaFide/063_08.jpg,MAD22/original_sorted/BonaFide/140_08.jpg,063_08,140_08,063_08,140_08
OpenCV_063_08_vs_140_08_B_to_A,OpenCV,B_to_A,MAD22/original_sorted/OpenCV/063_08-vs-140_08.jpg,MAD22/original_sorted/BonaFide/140_08.jpg,MAD22/original_sorted/BonaFide/063_08.jpg,140_08,063_08,063_08,140_08
OpenCV_063_08_vs_143_08_A_to_B,OpenCV,A_to_B,MAD22/original_sorted/OpenCV/063_08-vs-143_08.jpg,MAD22/original_sorted/BonaFide/063_08.jpg,MAD22/original_sorted/BonaFide/143_08.jpg,063_08,143_08,063_08,143_08
OpenCV_063_08_vs_143_08_B_to_A,OpenCV,B_to_A,MAD22/original_sorted/OpenCV/063_08-vs-143_08.jpg,MAD22/original_sorted/BonaFide/143_08.jpg,MAD22/original_sorted/BonaFide/063_08.jpg,143_08,063_08,063_08,143_08
OpenCV_064_03_vs_135_03_A_to_B,OpenCV,A_to_B,MAD22/original_sorted/OpenCV/064_03-vs-135_03.jpg,MAD22/original_sorted/BonaFide/064_03.jpg,MAD22/original_sorted/BonaFide/135_03.jpg,064_03,135_03,064_03,135_03
OpenCV_064_03_vs_135_03_B_to_A,OpenCV,B_to_A,MAD22/original_sorted/OpenCV/064_03-vs-135_03.jpg,MAD22/original_sorted/BonaFide/135_03.jpg,MAD22/original_sorted/BonaFide/064_03.jpg,135_03,064_03,064_03,135_03
OpenCV_064_08_vs_066_08_A_to_B,OpenCV,A_to_B,MAD22/original_sorted/OpenCV/064_08-vs-066_08.jpg,MAD22/original_sorted/BonaFide/064_08.jpg,MAD22/original_sorted/BonaFide/066_08.jpg,064_08,066_08,064_08,066_08
OpenCV_064_08_vs_066_08_B_to_A,OpenCV,B_to_A,MAD22/original_sorted/OpenCV/064_08-vs-066_08.jpg,MAD22/original_sorted/BonaFide/066_08.jpg,MAD22/original_sorted/BonaFide/064_08.jpg,066_08,064_08,064_08,066_08
OpenCV_064_08_vs_091_08_A_to_B,OpenCV,A_to_B,MAD22/original_sorted/OpenCV/064_08-vs-091_08.jpg,MAD22/original_sorted/BonaFide/064_08.jpg,MAD22/original_sorted/BonaFide/091_08.jpg,064_08,091_08,064_08,091_08
OpenCV_064_08_vs_091_08_B_to_A,OpenCV,B_to_A,MAD22/original_sorted/OpenCV/064_08-vs-091_08.jpg,MAD22/original_sorted/BonaFide/091_08.jpg,MAD22/original_sorted/BonaFide/064_08.jpg,091_08,064_08,064_08,091_08
OpenCV_064_08_vs_097_08_A_to_B,OpenCV,A_to_B,MAD22/original_sorted/OpenCV/064_08-vs-097_08.jpg,MAD22/original_sorted/BonaFide/064_08.jpg,MAD22/original_sorted/BonaFide/097_08.jpg,064_08,097_08,064_08,097_08
OpenCV_064_08_vs_097_08_B_to_A,OpenCV,B_to_A,MAD22/original_sorted/OpenCV/064_08-vs-097_08.jpg,MAD22/original_sorted/BonaFide/097_08.jpg,MAD22/original_sorted/BonaFide/064_08.jpg,097_08,064_08,064_08,097_08
OpenCV_064_08_vs_099_08_A_to_B,OpenCV,A_to_B,MAD22/original_sorted/OpenCV/064_08-vs-099_08.jpg,MAD22/original_sorted/BonaFide/064_08.jpg,MAD22/original_sorted/BonaFide/099_08.jpg,064_08,099_08,064_08,099_08
OpenCV_064_08_vs_099_08_B_to_A,OpenCV,B_to_A,MAD22/original_sorted/OpenCV/064_08-vs-099_08.jpg,MAD22/original_sorted/BonaFide/099_08.jpg,MAD22/original_sorted/BonaFide/064_08.jpg,099_08,064_08,064_08,099_08
OpenCV_064_08_vs_122_08_A_to_B,OpenCV,A_to_B,MAD22/original_sorted/OpenCV/064_08-vs-122_08.jpg,MAD22/original_sorted/BonaFide/064_08.jpg,MAD22/original_sorted/BonaFide/122_08.jpg,064_08,122_08,064_08,122_08
OpenCV_064_08_vs_122_08_B_to_A,OpenCV,B_to_A,MAD22/original_sorted/OpenCV/064_08-vs-122_08.jpg,MAD22/original_sorted/BonaFide/122_08.jpg,MAD22/original_sorted/BonaFide/064_08.jpg,122_08,064_08,064_08,122_08
OpenCV_064_08_vs_127_08_A_to_B,OpenCV,A_to_B,MAD22/original_sorted/OpenCV/064_08-vs-127_08.jpg,MAD22/original_sorted/BonaFide/064_08.jpg,MAD22/original_sorted/BonaFide/127_08.jpg,064_08,127_08,064_08,127_08
OpenCV_064_08_vs_127_08_B_to_A,OpenCV,B_to_A,MAD22/original_sorted/OpenCV/064_08-vs-127_08.jpg,MAD22/original_sorted/BonaFide/127_08.jpg,MAD22/original_sorted/BonaFide/064_08.jpg,127_08,064_08,064_08,127_08
OpenCV_064_08_vs_134_08_A_to_B,OpenCV,A_to_B,MAD22/original_sorted/OpenCV/064_08-vs-134_08.jpg,MAD22/original_sorted/BonaFide/064_08.jpg,MAD22/original_sorted/BonaFide/134_08.jpg,064_08,134_08,064_08,134_08
OpenCV_064_08_vs_134_08_B_to_A,OpenCV,B_to_A,MAD22/original_sorted/OpenCV/064_08-vs-134_08.jpg,MAD22/original_sorted/BonaFide/134_08.jpg,MAD22/original_sorted/BonaFide/064_08.jpg,134_08,064_08,064_08,134_08
OpenCV_066_08_vs_083_08_A_to_B,OpenCV,A_to_B,MAD22/original_sorted/OpenCV/066_08-vs-083_08.jpg,MAD22/original_sorted/BonaFide/066_08.jpg,MAD22/original_sorted/BonaFide/083_08.jpg,066_08,083_08,066_08,083_08
OpenCV_066_08_vs_083_08_B_to_A,OpenCV,B_to_A,MAD22/original_sorted/OpenCV/066_08-vs-083_08.jpg,MAD22/original_sorted/BonaFide/083_08.jpg,MAD22/original_sorted/BonaFide/066_08.jpg,083_08,066_08,066_08,083_08
OpenCV_066_08_vs_087_08_A_to_B,OpenCV,A_to_B,MAD22/original_sorted/OpenCV/066_08-vs-087_08.jpg,MAD22/original_sorted/BonaFide/066_08.jpg,MAD22/original_sorted/BonaFide/087_08.jpg,066_08,087_08,066_08,087_08
OpenCV_066_08_vs_087_08_B_to_A,OpenCV,B_to_A,MAD22/original_sorted/OpenCV/066_08-vs-087_08.jpg,MAD22/original_sorted/BonaFide/087_08.jpg,MAD22/original_sorted/BonaFide/066_08.jpg,087_08,066_08,066_08,087_08
OpenCV_066_08_vs_094_08_A_to_B,OpenCV,A_to_B,MAD22/original_sorted/OpenCV/066_08-vs-094_08.jpg,MAD22/original_sorted/BonaFide/066_08.jpg,MAD22/original_sorted/BonaFide/094_08.jpg,066_08,094_08,066_08,094_08
OpenCV_066_08_vs_094_08_B_to_A,OpenCV,B_to_A,MAD22/original_sorted/OpenCV/066_08-vs-094_08.jpg,MAD22/original_sorted/BonaFide/094_08.jpg,MAD22/original_sorted/BonaFide/066_08.jpg,094_08,066_08,066_08,094_08
OpenCV_066_08_vs_099_08_A_to_B,OpenCV,A_to_B,MAD22/original_sorted/OpenCV/066_08-vs-099_08.jpg,MAD22/original_sorted/BonaFide/066_08.jpg,MAD22/original_sorted/BonaFide/099_08.jpg,066_08,099_08,066_08,099_08
OpenCV_066_08_vs_099_08_B_to_A,OpenCV,B_to_A,MAD22/original_sorted/OpenCV/066_08-vs-099_08.jpg,MAD22/original_sorted/BonaFide/099_08.jpg,MAD22/original_sorted/BonaFide/066_08.jpg,099_08,066_08,066_08,099_08
OpenCV_066_08_vs_126_08_A_to_B,OpenCV,A_to_B,MAD22/original_sorted/OpenCV/066_08-vs-126_08.jpg,MAD22/original_sorted/BonaFide/066_08.jpg,MAD22/original_sorted/BonaFide/126_08.jpg,066_08,126_08,066_08,126_08
OpenCV_066_08_vs_126_08_B_to_A,OpenCV,B_to_A,MAD22/original_sorted/OpenCV/066_08-vs-126_08.jpg,MAD22/original_sorted/BonaFide/126_08.jpg,MAD22/original_sorted/BonaFide/066_08.jpg,126_08,066_08,066_08,126_08
OpenCV_066_08_vs_129_08_A_to_B,OpenCV,A_to_B,MAD22/original_sorted/OpenCV/066_08-vs-129_08.jpg,MAD22/original_sorted/BonaFide/066_08.jpg,MAD22/original_sorted/BonaFide/129_08.jpg,066_08,129_08,066_08,129_08
OpenCV_066_08_vs_129_08_B_to_A,OpenCV,B_to_A,MAD22/original_sorted/OpenCV/066_08-vs-129_08.jpg,MAD22/original_sorted/BonaFide/129_08.jpg,MAD22/original_sorted/BonaFide/066_08.jpg,129_08,066_08,066_08,129_08
OpenCV_067_03_vs_069_03_A_to_B,OpenCV,A_to_B,MAD22/original_sorted/OpenCV/067_03-vs-069_03.jpg,MAD22/original_sorted/BonaFide/067_03.jpg,MAD22/original_sorted/BonaFide/069_03.jpg,067_03,069_03,067_03,069_03
OpenCV_067_03_vs_069_03_B_to_A,OpenCV,B_to_A,MAD22/original_sorted/OpenCV/067_03-vs-069_03.jpg,MAD22/original_sorted/BonaFide/069_03.jpg,MAD22/original_sorted/BonaFide/067_03.jpg,069_03,067_03,067_03,069_03
OpenCV_067_03_vs_128_03_A_to_B,OpenCV,A_to_B,MAD22/original_sorted/OpenCV/067_03-vs-128_03.jpg,MAD22/original_sorted/BonaFide/067_03.jpg,MAD22/original_sorted/BonaFide/128_03.jpg,067_03,128_03,067_03,128_03
OpenCV_067_03_vs_128_03_B_to_A,OpenCV,B_to_A,MAD22/original_sorted/OpenCV/067_03-vs-128_03.jpg,MAD22/original_sorted/BonaFide/128_03.jpg,MAD22/original_sorted/BonaFide/067_03.jpg,128_03,067_03,067_03,128_03
OpenCV_067_03_vs_130_03_A_to_B,OpenCV,A_to_B,MAD22/original_sorted/OpenCV/067_03-vs-130_03.jpg,MAD22/original_sorted/BonaFide/067_03.jpg,MAD22/original_sorted/BonaFide/130_03.jpg,067_03,130_03,067_03,130_03
OpenCV_067_03_vs_130_03_B_to_A,OpenCV,B_to_A,MAD22/original_sorted/OpenCV/067_03-vs-130_03.jpg,MAD22/original_sorted/BonaFide/130_03.jpg,MAD22/original_sorted/BonaFide/067_03.jpg,130_03,067_03,067_03,130_03
OpenCV_067_08_vs_069_08_A_to_B,OpenCV,A_to_B,MAD22/original_sorted/OpenCV/067_08-vs-069_08.jpg,MAD22/original_sorted/BonaFide/067_08.jpg,MAD22/original_sorted/BonaFide/069_08.jpg,067_08,069_08,067_08,069_08
OpenCV_067_08_vs_069_08_B_to_A,OpenCV,B_to_A,MAD22/original_sorted/OpenCV/067_08-vs-069_08.jpg,MAD22/original_sorted/BonaFide/069_08.jpg,MAD22/original_sorted/BonaFide/067_08.jpg,069_08,067_08,067_08,069_08
OpenCV_067_08_vs_114_08_A_to_B,OpenCV,A_to_B,MAD22/original_sorted/OpenCV/067_08-vs-114_08.jpg,MAD22/original_sorted/BonaFide/067_08.jpg,MAD22/original_sorted/BonaFide/114_08.jpg,067_08,114_08,067_08,114_08
OpenCV_067_08_vs_114_08_B_to_A,OpenCV,B_to_A,MAD22/original_sorted/OpenCV/067_08-vs-114_08.jpg,MAD22/original_sorted/BonaFide/114_08.jpg,MAD22/original_sorted/BonaFide/067_08.jpg,114_08,067_08,067_08,114_08
OpenCV_067_08_vs_115_08_A_to_B,OpenCV,A_to_B,MAD22/original_sorted/OpenCV/067_08-vs-115_08.jpg,MAD22/original_sorted/BonaFide/067_08.jpg,MAD22/original_sorted/BonaFide/115_08.jpg,067_08,115_08,067_08,115_08
OpenCV_067_08_vs_115_08_B_to_A,OpenCV,B_to_A,MAD22/original_sorted/OpenCV/067_08-vs-115_08.jpg,MAD22/original_sorted/BonaFide/115_08.jpg,MAD22/original_sorted/BonaFide/067_08.jpg,115_08,067_08,067_08,115_08
OpenCV_067_08_vs_128_08_A_to_B,OpenCV,A_to_B,MAD22/original_sorted/OpenCV/067_08-vs-128_08.jpg,MAD22/original_sorted/BonaFide/067_08.jpg,MAD22/original_sorted/BonaFide/128_08.jpg,067_08,128_08,067_08,128_08
OpenCV_067_08_vs_128_08_B_to_A,OpenCV,B_to_A,MAD22/original_sorted/OpenCV/067_08-vs-128_08.jpg,MAD22/original_sorted/BonaFide/128_08.jpg,MAD22/original_sorted/BonaFide/067_08.jpg,128_08,067_08,067_08,128_08
OpenCV_067_08_vs_130_08_A_to_B,OpenCV,A_to_B,MAD22/original_sorted/OpenCV/067_08-vs-130_08.jpg,MAD22/original_sorted/BonaFide/067_08.jpg,MAD22/original_sorted/BonaFide/130_08.jpg,067_08,130_08,067_08,130_08
OpenCV_067_08_vs_130_08_B_to_A,OpenCV,B_to_A,MAD22/original_sorted/OpenCV/067_08-vs-130_08.jpg,MAD22/original_sorted/BonaFide/130_08.jpg,MAD22/original_sorted/BonaFide/067_08.jpg,130_08,067_08,067_08,130_08
OpenCV_067_08_vs_141_08_A_to_B,OpenCV,A_to_B,MAD22/original_sorted/OpenCV/067_08-vs-141_08.jpg,MAD22/original_sorted/BonaFide/067_08.jpg,MAD22/original_sorted/BonaFide/141_08.jpg,067_08,141_08,067_08,141_08
OpenCV_067_08_vs_141_08_B_to_A,OpenCV,B_to_A,MAD22/original_sorted/OpenCV/067_08-vs-141_08.jpg,MAD22/original_sorted/BonaFide/141_08.jpg,MAD22/original_sorted/BonaFide/067_08.jpg,141_08,067_08,067_08,141_08
OpenCV_068_03_vs_115_03_A_to_B,OpenCV,A_to_B,MAD22/original_sorted/OpenCV/068_03-vs-115_03.jpg,MAD22/original_sorted/BonaFide/068_03.jpg,MAD22/original_sorted/BonaFide/115_03.jpg,068_03,115_03,068_03,115_03
OpenCV_068_03_vs_115_03_B_to_A,OpenCV,B_to_A,MAD22/original_sorted/OpenCV/068_03-vs-115_03.jpg,MAD22/original_sorted/BonaFide/115_03.jpg,MAD22/original_sorted/BonaFide/068_03.jpg,115_03,068_03,068_03,115_03
OpenCV_068_03_vs_132_03_A_to_B,OpenCV,A_to_B,MAD22/original_sorted/OpenCV/068_03-vs-132_03.jpg,MAD22/original_sorted/BonaFide/068_03.jpg,MAD22/original_sorted/BonaFide/132_03.jpg,068_03,132_03,068_03,132_03
OpenCV_068_03_vs_132_03_B_to_A,OpenCV,B_to_A,MAD22/original_sorted/OpenCV/068_03-vs-132_03.jpg,MAD22/original_sorted/BonaFide/132_03.jpg,MAD22/original_sorted/BonaFide/068_03.jpg,132_03,068_03,068_03,132_03
OpenCV_068_03_vs_138_03_A_to_B,OpenCV,A_to_B,MAD22/original_sorted/OpenCV/068_03-vs-138_03.jpg,MAD22/original_sorted/BonaFide/068_03.jpg,MAD22/original_sorted/BonaFide/138_03.jpg,068_03,138_03,068_03,138_03
OpenCV_068_03_vs_138_03_B_to_A,OpenCV,B_to_A,MAD22/original_sorted/OpenCV/068_03-vs-138_03.jpg,MAD22/original_sorted/BonaFide/138_03.jpg,MAD22/original_sorted/BonaFide/068_03.jpg,138_03,068_03,068_03,138_03
OpenCV_068_03_vs_143_03_A_to_B,OpenCV,A_to_B,MAD22/original_sorted/OpenCV/068_03-vs-143_03.jpg,MAD22/original_sorted/BonaFide/068_03.jpg,MAD22/original_sorted/BonaFide/143_03.jpg,068_03,143_03,068_03,143_03
OpenCV_068_03_vs_143_03_B_to_A,OpenCV,B_to_A,MAD22/original_sorted/OpenCV/068_03-vs-143_03.jpg,MAD22/original_sorted/BonaFide/143_03.jpg,MAD22/original_sorted/BonaFide/068_03.jpg,143_03,068_03,068_03,143_03
OpenCV_068_08_vs_082_08_A_to_B,OpenCV,A_to_B,MAD22/original_sorted/OpenCV/068_08-vs-082_08.jpg,MAD22/original_sorted/BonaFide/068_08.jpg,MAD22/original_sorted/BonaFide/082_08.jpg,068_08,082_08,068_08,082_08
OpenCV_068_08_vs_082_08_B_to_A,OpenCV,B_to_A,MAD22/original_sorted/OpenCV/068_08-vs-082_08.jpg,MAD22/original_sorted/BonaFide/082_08.jpg,MAD22/original_sorted/BonaFide/068_08.jpg,082_08,068_08,068_08,082_08
OpenCV_068_08_vs_115_08_A_to_B,OpenCV,A_to_B,MAD22/original_sorted/OpenCV/068_08-vs-115_08.jpg,MAD22/original_sorted/BonaFide/068_08.jpg,MAD22/original_sorted/BonaFide/115_08.jpg,068_08,115_08,068_08,115_08
OpenCV_068_08_vs_115_08_B_to_A,OpenCV,B_to_A,MAD22/original_sorted/OpenCV/068_08-vs-115_08.jpg,MAD22/original_sorted/BonaFide/115_08.jpg,MAD22/original_sorted/BonaFide/068_08.jpg,115_08,068_08,068_08,115_08
OpenCV_068_08_vs_128_08_A_to_B,OpenCV,A_to_B,MAD22/original_sorted/OpenCV/068_08-vs-128_08.jpg,MAD22/original_sorted/BonaFide/068_08.jpg,MAD22/original_sorted/BonaFide/128_08.jpg,068_08,128_08,068_08,128_08
OpenCV_068_08_vs_128_08_B_to_A,OpenCV,B_to_A,MAD22/original_sorted/OpenCV/068_08-vs-128_08.jpg,MAD22/original_sorted/BonaFide/128_08.jpg,MAD22/original_sorted/BonaFide/068_08.jpg,128_08,068_08,068_08,128_08
OpenCV_068_08_vs_132_08_A_to_B,OpenCV,A_to_B,MAD22/original_sorted/OpenCV/068_08-vs-132_08.jpg,MAD22/original_sorted/BonaFide/068_08.jpg,MAD22/original_sorted/BonaFide/132_08.jpg,068_08,132_08,068_08,132_08
OpenCV_068_08_vs_132_08_B_to_A,OpenCV,B_to_A,MAD22/original_sorted/OpenCV/068_08-vs-132_08.jpg,MAD22/original_sorted/BonaFide/132_08.jpg,MAD22/original_sorted/BonaFide/068_08.jpg,132_08,068_08,068_08,132_08
OpenCV_068_08_vs_143_08_A_to_B,OpenCV,A_to_B,MAD22/original_sorted/OpenCV/068_08-vs-143_08.jpg,MAD22/original_sorted/BonaFide/068_08.jpg,MAD22/original_sorted/BonaFide/143_08.jpg,068_08,143_08,068_08,143_08
OpenCV_068_08_vs_143_08_B_to_A,OpenCV,B_to_A,MAD22/original_sorted/OpenCV/068_08-vs-143_08.jpg,MAD22/original_sorted/BonaFide/143_08.jpg,MAD22/original_sorted/BonaFide/068_08.jpg,143_08,068_08,068_08,143_08
OpenCV_069_03_vs_104_03_A_to_B,OpenCV,A_to_B,MAD22/original_sorted/OpenCV/069_03-vs-104_03.jpg,MAD22/original_sorted/BonaFide/069_03.jpg,MAD22/original_sorted/BonaFide/104_03.jpg,069_03,104_03,069_03,104_03
OpenCV_069_03_vs_104_03_B_to_A,OpenCV,B_to_A,MAD22/original_sorted/OpenCV/069_03-vs-104_03.jpg,MAD22/original_sorted/BonaFide/104_03.jpg,MAD22/original_sorted/BonaFide/069_03.jpg,104_03,069_03,069_03,104_03
OpenCV_069_03_vs_115_03_A_to_B,OpenCV,A_to_B,MAD22/original_sorted/OpenCV/069_03-vs-115_03.jpg,MAD22/original_sorted/BonaFide/069_03.jpg,MAD22/original_sorted/BonaFide/115_03.jpg,069_03,115_03,069_03,115_03
OpenCV_069_03_vs_115_03_B_to_A,OpenCV,B_to_A,MAD22/original_sorted/OpenCV/069_03-vs-115_03.jpg,MAD22/original_sorted/BonaFide/115_03.jpg,MAD22/original_sorted/BonaFide/069_03.jpg,115_03,069_03,069_03,115_03
OpenCV_069_03_vs_130_03_A_to_B,OpenCV,A_to_B,MAD22/original_sorted/OpenCV/069_03-vs-130_03.jpg,MAD22/original_sorted/BonaFide/069_03.jpg,MAD22/original_sorted/BonaFide/130_03.jpg,069_03,130_03,069_03,130_03
OpenCV_069_03_vs_130_03_B_to_A,OpenCV,B_to_A,MAD22/original_sorted/OpenCV/069_03-vs-130_03.jpg,MAD22/original_sorted/BonaFide/130_03.jpg,MAD22/original_sorted/BonaFide/069_03.jpg,130_03,069_03,069_03,130_03
OpenCV_069_03_vs_131_03_A_to_B,OpenCV,A_to_B,MAD22/original_sorted/OpenCV/069_03-vs-131_03.jpg,MAD22/original_sorted/BonaFide/069_03.jpg,MAD22/original_sorted/BonaFide/131_03.jpg,069_03,131_03,069_03,131_03
OpenCV_069_03_vs_131_03_B_to_A,OpenCV,B_to_A,MAD22/original_sorted/OpenCV/069_03-vs-131_03.jpg,MAD22/original_sorted/BonaFide/131_03.jpg,MAD22/original_sorted/BonaFide/069_03.jpg,131_03,069_03,069_03,131_03
OpenCV_069_03_vs_132_03_A_to_B,OpenCV,A_to_B,MAD22/original_sorted/OpenCV/069_03-vs-132_03.jpg,MAD22/original_sorted/BonaFide/069_03.jpg,MAD22/original_sorted/BonaFide/132_03.jpg,069_03,132_03,069_03,132_03
OpenCV_069_03_vs_132_03_B_to_A,OpenCV,B_to_A,MAD22/original_sorted/OpenCV/069_03-vs-132_03.jpg,MAD22/original_sorted/BonaFide/132_03.jpg,MAD22/original_sorted/BonaFide/069_03.jpg,132_03,069_03,069_03,132_03
OpenCV_069_03_vs_172_03_A_to_B,OpenCV,A_to_B,MAD22/original_sorted/OpenCV/069_03-vs-172_03.jpg,MAD22/original_sorted/BonaFide/069_03.jpg,MAD22/original_sorted/BonaFide/172_03.jpg,069_03,172_03,069_03,172_03
OpenCV_069_03_vs_172_03_B_to_A,OpenCV,B_to_A,MAD22/original_sorted/OpenCV/069_03-vs-172_03.jpg,MAD22/original_sorted/BonaFide/172_03.jpg,MAD22/original_sorted/BonaFide/069_03.jpg,172_03,069_03,069_03,172_03
OpenCV_069_08_vs_092_08_A_to_B,OpenCV,A_to_B,MAD22/original_sorted/OpenCV/069_08-vs-092_08.jpg,MAD22/original_sorted/BonaFide/069_08.jpg,MAD22/original_sorted/BonaFide/092_08.jpg,069_08,092_08,069_08,092_08
OpenCV_069_08_vs_092_08_B_to_A,OpenCV,B_to_A,MAD22/original_sorted/OpenCV/069_08-vs-092_08.jpg,MAD22/original_sorted/BonaFide/092_08.jpg,MAD22/original_sorted/BonaFide/069_08.jpg,092_08,069_08,069_08,092_08
OpenCV_069_08_vs_115_08_A_to_B,OpenCV,A_to_B,MAD22/original_sorted/OpenCV/069_08-vs-115_08.jpg,MAD22/original_sorted/BonaFide/069_08.jpg,MAD22/original_sorted/BonaFide/115_08.jpg,069_08,115_08,069_08,115_08
OpenCV_069_08_vs_115_08_B_to_A,OpenCV,B_to_A,MAD22/original_sorted/OpenCV/069_08-vs-115_08.jpg,MAD22/original_sorted/BonaFide/115_08.jpg,MAD22/original_sorted/BonaFide/069_08.jpg,115_08,069_08,069_08,115_08
OpenCV_069_08_vs_130_08_A_to_B,OpenCV,A_to_B,MAD22/original_sorted/OpenCV/069_08-vs-130_08.jpg,MAD22/original_sorted/BonaFide/069_08.jpg,MAD22/original_sorted/BonaFide/130_08.jpg,069_08,130_08,069_08,130_08
OpenCV_069_08_vs_130_08_B_to_A,OpenCV,B_to_A,MAD22/original_sorted/OpenCV/069_08-vs-130_08.jpg,MAD22/original_sorted/BonaFide/130_08.jpg,MAD22/original_sorted/BonaFide/069_08.jpg,130_08,069_08,069_08,130_08
OpenCV_069_08_vs_131_08_A_to_B,OpenCV,A_to_B,MAD22/original_sorted/OpenCV/069_08-vs-131_08.jpg,MAD22/original_sorted/BonaFide/069_08.jpg,MAD22/original_sorted/BonaFide/131_08.jpg,069_08,131_08,069_08,131_08
OpenCV_069_08_vs_131_08_B_to_A,OpenCV,B_to_A,MAD22/original_sorted/OpenCV/069_08-vs-131_08.jpg,MAD22/original_sorted/BonaFide/131_08.jpg,MAD22/original_sorted/BonaFide/069_08.jpg,131_08,069_08,069_08,131_08
OpenCV_069_08_vs_132_08_A_to_B,OpenCV,A_to_B,MAD22/original_sorted/OpenCV/069_08-vs-132_08.jpg,MAD22/original_sorted/BonaFide/069_08.jpg,MAD22/original_sorted/BonaFide/132_08.jpg,069_08,132_08,069_08,132_08
OpenCV_069_08_vs_132_08_B_to_A,OpenCV,B_to_A,MAD22/original_sorted/OpenCV/069_08-vs-132_08.jpg,MAD22/original_sorted/BonaFide/132_08.jpg,MAD22/original_sorted/BonaFide/069_08.jpg,132_08,069_08,069_08,132_08
OpenCV_070_08_vs_108_08_A_to_B,OpenCV,A_to_B,MAD22/original_sorted/OpenCV/070_08-vs-108_08.jpg,MAD22/original_sorted/BonaFide/070_08.jpg,MAD22/original_sorted/BonaFide/108_08.jpg,070_08,108_08,070_08,108_08
OpenCV_070_08_vs_108_08_B_to_A,OpenCV,B_to_A,MAD22/original_sorted/OpenCV/070_08-vs-108_08.jpg,MAD22/original_sorted/BonaFide/108_08.jpg,MAD22/original_sorted/BonaFide/070_08.jpg,108_08,070_08,070_08,108_08
OpenCV_070_08_vs_143_08_A_to_B,OpenCV,A_to_B,MAD22/original_sorted/OpenCV/070_08-vs-143_08.jpg,MAD22/original_sorted/BonaFide/070_08.jpg,MAD22/original_sorted/BonaFide/143_08.jpg,070_08,143_08,070_08,143_08
OpenCV_070_08_vs_143_08_B_to_A,OpenCV,B_to_A,MAD22/original_sorted/OpenCV/070_08-vs-143_08.jpg,MAD22/original_sorted/BonaFide/143_08.jpg,MAD22/original_sorted/BonaFide/070_08.jpg,143_08,070_08,070_08,143_08
OpenCV_081_08_vs_090_08_A_to_B,OpenCV,A_to_B,MAD22/original_sorted/OpenCV/081_08-vs-090_08.jpg,MAD22/original_sorted/BonaFide/081_08.jpg,MAD22/original_sorted/BonaFide/090_08.jpg,081_08,090_08,081_08,090_08
OpenCV_081_08_vs_090_08_B_to_A,OpenCV,B_to_A,MAD22/original_sorted/OpenCV/081_08-vs-090_08.jpg,MAD22/original_sorted/BonaFide/090_08.jpg,MAD22/original_sorted/BonaFide/081_08.jpg,090_08,081_08,081_08,090_08
OpenCV_081_08_vs_091_08_A_to_B,OpenCV,A_to_B,MAD22/original_sorted/OpenCV/081_08-vs-091_08.jpg,MAD22/original_sorted/BonaFide/081_08.jpg,MAD22/original_sorted/BonaFide/091_08.jpg,081_08,091_08,081_08,091_08
OpenCV_081_08_vs_091_08_B_to_A,OpenCV,B_to_A,MAD22/original_sorted/OpenCV/081_08-vs-091_08.jpg,MAD22/original_sorted/BonaFide/091_08.jpg,MAD22/original_sorted/BonaFide/081_08.jpg,091_08,081_08,081_08,091_08
OpenCV_081_08_vs_118_08_A_to_B,OpenCV,A_to_B,MAD22/original_sorted/OpenCV/081_08-vs-118_08.jpg,MAD22/original_sorted/BonaFide/081_08.jpg,MAD22/original_sorted/BonaFide/118_08.jpg,081_08,118_08,081_08,118_08
OpenCV_081_08_vs_118_08_B_to_A,OpenCV,B_to_A,MAD22/original_sorted/OpenCV/081_08-vs-118_08.jpg,MAD22/original_sorted/BonaFide/118_08.jpg,MAD22/original_sorted/BonaFide/081_08.jpg,118_08,081_08,081_08,118_08
OpenCV_081_08_vs_122_08_A_to_B,OpenCV,A_to_B,MAD22/original_sorted/OpenCV/081_08-vs-122_08.jpg,MAD22/original_sorted/BonaFide/081_08.jpg,MAD22/original_sorted/BonaFide/122_08.jpg,081_08,122_08,081_08,122_08
OpenCV_081_08_vs_122_08_B_to_A,OpenCV,B_to_A,MAD22/original_sorted/OpenCV/081_08-vs-122_08.jpg,MAD22/original_sorted/BonaFide/122_08.jpg,MAD22/original_sorted/BonaFide/081_08.jpg,122_08,081_08,081_08,122_08
OpenCV_081_08_vs_135_08_A_to_B,OpenCV,A_to_B,MAD22/original_sorted/OpenCV/081_08-vs-135_08.jpg,MAD22/original_sorted/BonaFide/081_08.jpg,MAD22/original_sorted/BonaFide/135_08.jpg,081_08,135_08,081_08,135_08
OpenCV_081_08_vs_135_08_B_to_A,OpenCV,B_to_A,MAD22/original_sorted/OpenCV/081_08-vs-135_08.jpg,MAD22/original_sorted/BonaFide/135_08.jpg,MAD22/original_sorted/BonaFide/081_08.jpg,135_08,081_08,081_08,135_08
OpenCV_082_03_vs_105_03_A_to_B,OpenCV,A_to_B,MAD22/original_sorted/OpenCV/082_03-vs-105_03.jpg,MAD22/original_sorted/BonaFide/082_03.jpg,MAD22/original_sorted/BonaFide/105_03.jpg,082_03,105_03,082_03,105_03
OpenCV_082_03_vs_105_03_B_to_A,OpenCV,B_to_A,MAD22/original_sorted/OpenCV/082_03-vs-105_03.jpg,MAD22/original_sorted/BonaFide/105_03.jpg,MAD22/original_sorted/BonaFide/082_03.jpg,105_03,082_03,082_03,105_03
OpenCV_082_08_vs_130_08_A_to_B,OpenCV,A_to_B,MAD22/original_sorted/OpenCV/082_08-vs-130_08.jpg,MAD22/original_sorted/BonaFide/082_08.jpg,MAD22/original_sorted/BonaFide/130_08.jpg,082_08,130_08,082_08,130_08
OpenCV_082_08_vs_130_08_B_to_A,OpenCV,B_to_A,MAD22/original_sorted/OpenCV/082_08-vs-130_08.jpg,MAD22/original_sorted/BonaFide/130_08.jpg,MAD22/original_sorted/BonaFide/082_08.jpg,130_08,082_08,082_08,130_08
OpenCV_082_08_vs_140_08_A_to_B,OpenCV,A_to_B,MAD22/original_sorted/OpenCV/082_08-vs-140_08.jpg,MAD22/original_sorted/BonaFide/082_08.jpg,MAD22/original_sorted/BonaFide/140_08.jpg,082_08,140_08,082_08,140_08
OpenCV_082_08_vs_140_08_B_to_A,OpenCV,B_to_A,MAD22/original_sorted/OpenCV/082_08-vs-140_08.jpg,MAD22/original_sorted/BonaFide/140_08.jpg,MAD22/original_sorted/BonaFide/082_08.jpg,140_08,082_08,082_08,140_08
OpenCV_083_08_vs_087_08_A_to_B,OpenCV,A_to_B,MAD22/original_sorted/OpenCV/083_08-vs-087_08.jpg,MAD22/original_sorted/BonaFide/083_08.jpg,MAD22/original_sorted/BonaFide/087_08.jpg,083_08,087_08,083_08,087_08
OpenCV_083_08_vs_087_08_B_to_A,OpenCV,B_to_A,MAD22/original_sorted/OpenCV/083_08-vs-087_08.jpg,MAD22/original_sorted/BonaFide/087_08.jpg,MAD22/original_sorted/BonaFide/083_08.jpg,087_08,083_08,083_08,087_08
OpenCV_083_08_vs_129_08_A_to_B,OpenCV,A_to_B,MAD22/original_sorted/OpenCV/083_08-vs-129_08.jpg,MAD22/original_sorted/BonaFide/083_08.jpg,MAD22/original_sorted/BonaFide/129_08.jpg,083_08,129_08,083_08,129_08
OpenCV_083_08_vs_129_08_B_to_A,OpenCV,B_to_A,MAD22/original_sorted/OpenCV/083_08-vs-129_08.jpg,MAD22/original_sorted/BonaFide/129_08.jpg,MAD22/original_sorted/BonaFide/083_08.jpg,129_08,083_08,083_08,129_08
OpenCV_086_08_vs_091_08_A_to_B,OpenCV,A_to_B,MAD22/original_sorted/OpenCV/086_08-vs-091_08.jpg,MAD22/original_sorted/BonaFide/086_08.jpg,MAD22/original_sorted/BonaFide/091_08.jpg,086_08,091_08,086_08,091_08
OpenCV_086_08_vs_091_08_B_to_A,OpenCV,B_to_A,MAD22/original_sorted/OpenCV/086_08-vs-091_08.jpg,MAD22/original_sorted/BonaFide/091_08.jpg,MAD22/original_sorted/BonaFide/086_08.jpg,091_08,086_08,086_08,091_08
OpenCV_087_08_vs_090_08_A_to_B,OpenCV,A_to_B,MAD22/original_sorted/OpenCV/087_08-vs-090_08.jpg,MAD22/original_sorted/BonaFide/087_08.jpg,MAD22/original_sorted/BonaFide/090_08.jpg,087_08,090_08,087_08,090_08
OpenCV_087_08_vs_090_08_B_to_A,OpenCV,B_to_A,MAD22/original_sorted/OpenCV/087_08-vs-090_08.jpg,MAD22/original_sorted/BonaFide/090_08.jpg,MAD22/original_sorted/BonaFide/087_08.jpg,090_08,087_08,087_08,090_08
OpenCV_087_08_vs_102_08_A_to_B,OpenCV,A_to_B,MAD22/original_sorted/OpenCV/087_08-vs-102_08.jpg,MAD22/original_sorted/BonaFide/087_08.jpg,MAD22/original_sorted/BonaFide/102_08.jpg,087_08,102_08,087_08,102_08
OpenCV_087_08_vs_102_08_B_to_A,OpenCV,B_to_A,MAD22/original_sorted/OpenCV/087_08-vs-102_08.jpg,MAD22/original_sorted/BonaFide/102_08.jpg,MAD22/original_sorted/BonaFide/087_08.jpg,102_08,087_08,087_08,102_08
OpenCV_087_08_vs_118_08_A_to_B,OpenCV,A_to_B,MAD22/original_sorted/OpenCV/087_08-vs-118_08.jpg,MAD22/original_sorted/BonaFide/087_08.jpg,MAD22/original_sorted/BonaFide/118_08.jpg,087_08,118_08,087_08,118_08
OpenCV_087_08_vs_118_08_B_to_A,OpenCV,B_to_A,MAD22/original_sorted/OpenCV/087_08-vs-118_08.jpg,MAD22/original_sorted/BonaFide/118_08.jpg,MAD22/original_sorted/BonaFide/087_08.jpg,118_08,087_08,087_08,118_08
OpenCV_087_08_vs_124_08_A_to_B,OpenCV,A_to_B,MAD22/original_sorted/OpenCV/087_08-vs-124_08.jpg,MAD22/original_sorted/BonaFide/087_08.jpg,MAD22/original_sorted/BonaFide/124_08.jpg,087_08,124_08,087_08,124_08
OpenCV_087_08_vs_124_08_B_to_A,OpenCV,B_to_A,MAD22/original_sorted/OpenCV/087_08-vs-124_08.jpg,MAD22/original_sorted/BonaFide/124_08.jpg,MAD22/original_sorted/BonaFide/087_08.jpg,124_08,087_08,087_08,124_08
OpenCV_087_08_vs_135_08_A_to_B,OpenCV,A_to_B,MAD22/original_sorted/OpenCV/087_08-vs-135_08.jpg,MAD22/original_sorted/BonaFide/087_08.jpg,MAD22/original_sorted/BonaFide/135_08.jpg,087_08,135_08,087_08,135_08
OpenCV_087_08_vs_135_08_B_to_A,OpenCV,B_to_A,MAD22/original_sorted/OpenCV/087_08-vs-135_08.jpg,MAD22/original_sorted/BonaFide/135_08.jpg,MAD22/original_sorted/BonaFide/087_08.jpg,135_08,087_08,087_08,135_08
OpenCV_087_08_vs_136_08_A_to_B,OpenCV,A_to_B,MAD22/original_sorted/OpenCV/087_08-vs-136_08.jpg,MAD22/original_sorted/BonaFide/087_08.jpg,MAD22/original_sorted/BonaFide/136_08.jpg,087_08,136_08,087_08,136_08
OpenCV_087_08_vs_136_08_B_to_A,OpenCV,B_to_A,MAD22/original_sorted/OpenCV/087_08-vs-136_08.jpg,MAD22/original_sorted/BonaFide/136_08.jpg,MAD22/original_sorted/BonaFide/087_08.jpg,136_08,087_08,087_08,136_08
OpenCV_090_08_vs_097_08_A_to_B,OpenCV,A_to_B,MAD22/original_sorted/OpenCV/090_08-vs-097_08.jpg,MAD22/original_sorted/BonaFide/090_08.jpg,MAD22/original_sorted/BonaFide/097_08.jpg,090_08,097_08,090_08,097_08
OpenCV_090_08_vs_097_08_B_to_A,OpenCV,B_to_A,MAD22/original_sorted/OpenCV/090_08-vs-097_08.jpg,MAD22/original_sorted/BonaFide/097_08.jpg,MAD22/original_sorted/BonaFide/090_08.jpg,097_08,090_08,090_08,097_08
OpenCV_090_08_vs_102_08_A_to_B,OpenCV,A_to_B,MAD22/original_sorted/OpenCV/090_08-vs-102_08.jpg,MAD22/original_sorted/BonaFide/090_08.jpg,MAD22/original_sorted/BonaFide/102_08.jpg,090_08,102_08,090_08,102_08
OpenCV_090_08_vs_102_08_B_to_A,OpenCV,B_to_A,MAD22/original_sorted/OpenCV/090_08-vs-102_08.jpg,MAD22/original_sorted/BonaFide/102_08.jpg,MAD22/original_sorted/BonaFide/090_08.jpg,102_08,090_08,090_08,102_08
OpenCV_090_08_vs_107_08_A_to_B,OpenCV,A_to_B,MAD22/original_sorted/OpenCV/090_08-vs-107_08.jpg,MAD22/original_sorted/BonaFide/090_08.jpg,MAD22/original_sorted/BonaFide/107_08.jpg,090_08,107_08,090_08,107_08
OpenCV_090_08_vs_107_08_B_to_A,OpenCV,B_to_A,MAD22/original_sorted/OpenCV/090_08-vs-107_08.jpg,MAD22/original_sorted/BonaFide/107_08.jpg,MAD22/original_sorted/BonaFide/090_08.jpg,107_08,090_08,090_08,107_08
OpenCV_090_08_vs_135_08_A_to_B,OpenCV,A_to_B,MAD22/original_sorted/OpenCV/090_08-vs-135_08.jpg,MAD22/original_sorted/BonaFide/090_08.jpg,MAD22/original_sorted/BonaFide/135_08.jpg,090_08,135_08,090_08,135_08
OpenCV_090_08_vs_135_08_B_to_A,OpenCV,B_to_A,MAD22/original_sorted/OpenCV/090_08-vs-135_08.jpg,MAD22/original_sorted/BonaFide/135_08.jpg,MAD22/original_sorted/BonaFide/090_08.jpg,135_08,090_08,090_08,135_08
OpenCV_090_08_vs_136_08_A_to_B,OpenCV,A_to_B,MAD22/original_sorted/OpenCV/090_08-vs-136_08.jpg,MAD22/original_sorted/BonaFide/090_08.jpg,MAD22/original_sorted/BonaFide/136_08.jpg,090_08,136_08,090_08,136_08
OpenCV_090_08_vs_136_08_B_to_A,OpenCV,B_to_A,MAD22/original_sorted/OpenCV/090_08-vs-136_08.jpg,MAD22/original_sorted/BonaFide/136_08.jpg,MAD22/original_sorted/BonaFide/090_08.jpg,136_08,090_08,090_08,136_08
OpenCV_091_08_vs_097_08_A_to_B,OpenCV,A_to_B,MAD22/original_sorted/OpenCV/091_08-vs-097_08.jpg,MAD22/original_sorted/BonaFide/091_08.jpg,MAD22/original_sorted/BonaFide/097_08.jpg,091_08,097_08,091_08,097_08
OpenCV_091_08_vs_097_08_B_to_A,OpenCV,B_to_A,MAD22/original_sorted/OpenCV/091_08-vs-097_08.jpg,MAD22/original_sorted/BonaFide/097_08.jpg,MAD22/original_sorted/BonaFide/091_08.jpg,097_08,091_08,091_08,097_08
OpenCV_092_03_vs_104_03_A_to_B,OpenCV,A_to_B,MAD22/original_sorted/OpenCV/092_03-vs-104_03.jpg,MAD22/original_sorted/BonaFide/092_03.jpg,MAD22/original_sorted/BonaFide/104_03.jpg,092_03,104_03,092_03,104_03
OpenCV_092_03_vs_104_03_B_to_A,OpenCV,B_to_A,MAD22/original_sorted/OpenCV/092_03-vs-104_03.jpg,MAD22/original_sorted/BonaFide/104_03.jpg,MAD22/original_sorted/BonaFide/092_03.jpg,104_03,092_03,092_03,104_03
OpenCV_092_03_vs_123_03_A_to_B,OpenCV,A_to_B,MAD22/original_sorted/OpenCV/092_03-vs-123_03.jpg,MAD22/original_sorted/BonaFide/092_03.jpg,MAD22/original_sorted/BonaFide/123_03.jpg,092_03,123_03,092_03,123_03
OpenCV_092_03_vs_123_03_B_to_A,OpenCV,B_to_A,MAD22/original_sorted/OpenCV/092_03-vs-123_03.jpg,MAD22/original_sorted/BonaFide/123_03.jpg,MAD22/original_sorted/BonaFide/092_03.jpg,123_03,092_03,092_03,123_03
OpenCV_092_03_vs_128_03_A_to_B,OpenCV,A_to_B,MAD22/original_sorted/OpenCV/092_03-vs-128_03.jpg,MAD22/original_sorted/BonaFide/092_03.jpg,MAD22/original_sorted/BonaFide/128_03.jpg,092_03,128_03,092_03,128_03
OpenCV_092_03_vs_128_03_B_to_A,OpenCV,B_to_A,MAD22/original_sorted/OpenCV/092_03-vs-128_03.jpg,MAD22/original_sorted/BonaFide/128_03.jpg,MAD22/original_sorted/BonaFide/092_03.jpg,128_03,092_03,092_03,128_03
OpenCV_092_08_vs_123_08_A_to_B,OpenCV,A_to_B,MAD22/original_sorted/OpenCV/092_08-vs-123_08.jpg,MAD22/original_sorted/BonaFide/092_08.jpg,MAD22/original_sorted/BonaFide/123_08.jpg,092_08,123_08,092_08,123_08
OpenCV_092_08_vs_123_08_B_to_A,OpenCV,B_to_A,MAD22/original_sorted/OpenCV/092_08-vs-123_08.jpg,MAD22/original_sorted/BonaFide/123_08.jpg,MAD22/original_sorted/BonaFide/092_08.jpg,123_08,092_08,092_08,123_08
OpenCV_092_08_vs_128_08_A_to_B,OpenCV,A_to_B,MAD22/original_sorted/OpenCV/092_08-vs-128_08.jpg,MAD22/original_sorted/BonaFide/092_08.jpg,MAD22/original_sorted/BonaFide/128_08.jpg,092_08,128_08,092_08,128_08
OpenCV_092_08_vs_128_08_B_to_A,OpenCV,B_to_A,MAD22/original_sorted/OpenCV/092_08-vs-128_08.jpg,MAD22/original_sorted/BonaFide/128_08.jpg,MAD22/original_sorted/BonaFide/092_08.jpg,128_08,092_08,092_08,128_08
OpenCV_092_08_vs_143_08_A_to_B,OpenCV,A_to_B,MAD22/original_sorted/OpenCV/092_08-vs-143_08.jpg,MAD22/original_sorted/BonaFide/092_08.jpg,MAD22/original_sorted/BonaFide/143_08.jpg,092_08,143_08,092_08,143_08
OpenCV_092_08_vs_143_08_B_to_A,OpenCV,B_to_A,MAD22/original_sorted/OpenCV/092_08-vs-143_08.jpg,MAD22/original_sorted/BonaFide/143_08.jpg,MAD22/original_sorted/BonaFide/092_08.jpg,143_08,092_08,092_08,143_08
OpenCV_094_03_vs_102_03_A_to_B,OpenCV,A_to_B,MAD22/original_sorted/OpenCV/094_03-vs-102_03.jpg,MAD22/original_sorted/BonaFide/094_03.jpg,MAD22/original_sorted/BonaFide/102_03.jpg,094_03,102_03,094_03,102_03
OpenCV_094_03_vs_102_03_B_to_A,OpenCV,B_to_A,MAD22/original_sorted/OpenCV/094_03-vs-102_03.jpg,MAD22/original_sorted/BonaFide/102_03.jpg,MAD22/original_sorted/BonaFide/094_03.jpg,102_03,094_03,094_03,102_03
OpenCV_094_08_vs_097_08_A_to_B,OpenCV,A_to_B,MAD22/original_sorted/OpenCV/094_08-vs-097_08.jpg,MAD22/original_sorted/BonaFide/094_08.jpg,MAD22/original_sorted/BonaFide/097_08.jpg,094_08,097_08,094_08,097_08
OpenCV_094_08_vs_097_08_B_to_A,OpenCV,B_to_A,MAD22/original_sorted/OpenCV/094_08-vs-097_08.jpg,MAD22/original_sorted/BonaFide/097_08.jpg,MAD22/original_sorted/BonaFide/094_08.jpg,097_08,094_08,094_08,097_08
OpenCV_094_08_vs_099_08_A_to_B,OpenCV,A_to_B,MAD22/original_sorted/OpenCV/094_08-vs-099_08.jpg,MAD22/original_sorted/BonaFide/094_08.jpg,MAD22/original_sorted/BonaFide/099_08.jpg,094_08,099_08,094_08,099_08
OpenCV_094_08_vs_099_08_B_to_A,OpenCV,B_to_A,MAD22/original_sorted/OpenCV/094_08-vs-099_08.jpg,MAD22/original_sorted/BonaFide/099_08.jpg,MAD22/original_sorted/BonaFide/094_08.jpg,099_08,094_08,094_08,099_08
OpenCV_094_08_vs_124_08_A_to_B,OpenCV,A_to_B,MAD22/original_sorted/OpenCV/094_08-vs-124_08.jpg,MAD22/original_sorted/BonaFide/094_08.jpg,MAD22/original_sorted/BonaFide/124_08.jpg,094_08,124_08,094_08,124_08
OpenCV_094_08_vs_124_08_B_to_A,OpenCV,B_to_A,MAD22/original_sorted/OpenCV/094_08-vs-124_08.jpg,MAD22/original_sorted/BonaFide/124_08.jpg,MAD22/original_sorted/BonaFide/094_08.jpg,124_08,094_08,094_08,124_08
OpenCV_094_08_vs_126_08_A_to_B,OpenCV,A_to_B,MAD22/original_sorted/OpenCV/094_08-vs-126_08.jpg,MAD22/original_sorted/BonaFide/094_08.jpg,MAD22/original_sorted/BonaFide/126_08.jpg,094_08,126_08,094_08,126_08
OpenCV_094_08_vs_126_08_B_to_A,OpenCV,B_to_A,MAD22/original_sorted/OpenCV/094_08-vs-126_08.jpg,MAD22/original_sorted/BonaFide/126_08.jpg,MAD22/original_sorted/BonaFide/094_08.jpg,126_08,094_08,094_08,126_08
OpenCV_094_08_vs_127_08_A_to_B,OpenCV,A_to_B,MAD22/original_sorted/OpenCV/094_08-vs-127_08.jpg,MAD22/original_sorted/BonaFide/094_08.jpg,MAD22/original_sorted/BonaFide/127_08.jpg,094_08,127_08,094_08,127_08
OpenCV_094_08_vs_127_08_B_to_A,OpenCV,B_to_A,MAD22/original_sorted/OpenCV/094_08-vs-127_08.jpg,MAD22/original_sorted/BonaFide/127_08.jpg,MAD22/original_sorted/BonaFide/094_08.jpg,127_08,094_08,094_08,127_08
OpenCV_096_03_vs_104_03_A_to_B,OpenCV,A_to_B,MAD22/original_sorted/OpenCV/096_03-vs-104_03.jpg,MAD22/original_sorted/BonaFide/096_03.jpg,MAD22/original_sorted/BonaFide/104_03.jpg,096_03,104_03,096_03,104_03
OpenCV_096_03_vs_104_03_B_to_A,OpenCV,B_to_A,MAD22/original_sorted/OpenCV/096_03-vs-104_03.jpg,MAD22/original_sorted/BonaFide/104_03.jpg,MAD22/original_sorted/BonaFide/096_03.jpg,104_03,096_03,096_03,104_03
OpenCV_096_03_vs_130_03_A_to_B,OpenCV,A_to_B,MAD22/original_sorted/OpenCV/096_03-vs-130_03.jpg,MAD22/original_sorted/BonaFide/096_03.jpg,MAD22/original_sorted/BonaFide/130_03.jpg,096_03,130_03,096_03,130_03
OpenCV_096_03_vs_130_03_B_to_A,OpenCV,B_to_A,MAD22/original_sorted/OpenCV/096_03-vs-130_03.jpg,MAD22/original_sorted/BonaFide/130_03.jpg,MAD22/original_sorted/BonaFide/096_03.jpg,130_03,096_03,096_03,130_03
OpenCV_096_03_vs_137_03_A_to_B,OpenCV,A_to_B,MAD22/original_sorted/OpenCV/096_03-vs-137_03.jpg,MAD22/original_sorted/BonaFide/096_03.jpg,MAD22/original_sorted/BonaFide/137_03.jpg,096_03,137_03,096_03,137_03
OpenCV_096_03_vs_137_03_B_to_A,OpenCV,B_to_A,MAD22/original_sorted/OpenCV/096_03-vs-137_03.jpg,MAD22/original_sorted/BonaFide/137_03.jpg,MAD22/original_sorted/BonaFide/096_03.jpg,137_03,096_03,096_03,137_03
OpenCV_096_03_vs_141_03_A_to_B,OpenCV,A_to_B,MAD22/original_sorted/OpenCV/096_03-vs-141_03.jpg,MAD22/original_sorted/BonaFide/096_03.jpg,MAD22/original_sorted/BonaFide/141_03.jpg,096_03,141_03,096_03,141_03
OpenCV_096_03_vs_141_03_B_to_A,OpenCV,B_to_A,MAD22/original_sorted/OpenCV/096_03-vs-141_03.jpg,MAD22/original_sorted/BonaFide/141_03.jpg,MAD22/original_sorted/BonaFide/096_03.jpg,141_03,096_03,096_03,141_03
OpenCV_096_08_vs_128_08_A_to_B,OpenCV,A_to_B,MAD22/original_sorted/OpenCV/096_08-vs-128_08.jpg,MAD22/original_sorted/BonaFide/096_08.jpg,MAD22/original_sorted/BonaFide/128_08.jpg,096_08,128_08,096_08,128_08
OpenCV_096_08_vs_128_08_B_to_A,OpenCV,B_to_A,MAD22/original_sorted/OpenCV/096_08-vs-128_08.jpg,MAD22/original_sorted/BonaFide/128_08.jpg,MAD22/original_sorted/BonaFide/096_08.jpg,128_08,096_08,096_08,128_08
OpenCV_097_03_vs_099_03_A_to_B,OpenCV,A_to_B,MAD22/original_sorted/OpenCV/097_03-vs-099_03.jpg,MAD22/original_sorted/BonaFide/097_03.jpg,MAD22/original_sorted/BonaFide/099_03.jpg,097_03,099_03,097_03,099_03
OpenCV_097_03_vs_099_03_B_to_A,OpenCV,B_to_A,MAD22/original_sorted/OpenCV/097_03-vs-099_03.jpg,MAD22/original_sorted/BonaFide/099_03.jpg,MAD22/original_sorted/BonaFide/097_03.jpg,099_03,097_03,097_03,099_03
OpenCV_097_03_vs_129_03_A_to_B,OpenCV,A_to_B,MAD22/original_sorted/OpenCV/097_03-vs-129_03.jpg,MAD22/original_sorted/BonaFide/097_03.jpg,MAD22/original_sorted/BonaFide/129_03.jpg,097_03,129_03,097_03,129_03
OpenCV_097_03_vs_129_03_B_to_A,OpenCV,B_to_A,MAD22/original_sorted/OpenCV/097_03-vs-129_03.jpg,MAD22/original_sorted/BonaFide/129_03.jpg,MAD22/original_sorted/BonaFide/097_03.jpg,129_03,097_03,097_03,129_03
OpenCV_097_08_vs_102_08_A_to_B,OpenCV,A_to_B,MAD22/original_sorted/OpenCV/097_08-vs-102_08.jpg,MAD22/original_sorted/BonaFide/097_08.jpg,MAD22/original_sorted/BonaFide/102_08.jpg,097_08,102_08,097_08,102_08
OpenCV_097_08_vs_102_08_B_to_A,OpenCV,B_to_A,MAD22/original_sorted/OpenCV/097_08-vs-102_08.jpg,MAD22/original_sorted/BonaFide/102_08.jpg,MAD22/original_sorted/BonaFide/097_08.jpg,102_08,097_08,097_08,102_08
OpenCV_097_08_vs_118_08_A_to_B,OpenCV,A_to_B,MAD22/original_sorted/OpenCV/097_08-vs-118_08.jpg,MAD22/original_sorted/BonaFide/097_08.jpg,MAD22/original_sorted/BonaFide/118_08.jpg,097_08,118_08,097_08,118_08
OpenCV_097_08_vs_118_08_B_to_A,OpenCV,B_to_A,MAD22/original_sorted/OpenCV/097_08-vs-118_08.jpg,MAD22/original_sorted/BonaFide/118_08.jpg,MAD22/original_sorted/BonaFide/097_08.jpg,118_08,097_08,097_08,118_08
OpenCV_097_08_vs_120_08_A_to_B,OpenCV,A_to_B,MAD22/original_sorted/OpenCV/097_08-vs-120_08.jpg,MAD22/original_sorted/BonaFide/097_08.jpg,MAD22/original_sorted/BonaFide/120_08.jpg,097_08,120_08,097_08,120_08
OpenCV_097_08_vs_120_08_B_to_A,OpenCV,B_to_A,MAD22/original_sorted/OpenCV/097_08-vs-120_08.jpg,MAD22/original_sorted/BonaFide/120_08.jpg,MAD22/original_sorted/BonaFide/097_08.jpg,120_08,097_08,097_08,120_08
OpenCV_097_08_vs_139_08_A_to_B,OpenCV,A_to_B,MAD22/original_sorted/OpenCV/097_08-vs-139_08.jpg,MAD22/original_sorted/BonaFide/097_08.jpg,MAD22/original_sorted/BonaFide/139_08.jpg,097_08,139_08,097_08,139_08
OpenCV_097_08_vs_139_08_B_to_A,OpenCV,B_to_A,MAD22/original_sorted/OpenCV/097_08-vs-139_08.jpg,MAD22/original_sorted/BonaFide/139_08.jpg,MAD22/original_sorted/BonaFide/097_08.jpg,139_08,097_08,097_08,139_08
OpenCV_097_08_vs_144_08_A_to_B,OpenCV,A_to_B,MAD22/original_sorted/OpenCV/097_08-vs-144_08.jpg,MAD22/original_sorted/BonaFide/097_08.jpg,MAD22/original_sorted/BonaFide/144_08.jpg,097_08,144_08,097_08,144_08
OpenCV_097_08_vs_144_08_B_to_A,OpenCV,B_to_A,MAD22/original_sorted/OpenCV/097_08-vs-144_08.jpg,MAD22/original_sorted/BonaFide/144_08.jpg,MAD22/original_sorted/BonaFide/097_08.jpg,144_08,097_08,097_08,144_08
OpenCV_099_03_vs_112_03_A_to_B,OpenCV,A_to_B,MAD22/original_sorted/OpenCV/099_03-vs-112_03.jpg,MAD22/original_sorted/BonaFide/099_03.jpg,MAD22/original_sorted/BonaFide/112_03.jpg,099_03,112_03,099_03,112_03
OpenCV_099_03_vs_112_03_B_to_A,OpenCV,B_to_A,MAD22/original_sorted/OpenCV/099_03-vs-112_03.jpg,MAD22/original_sorted/BonaFide/112_03.jpg,MAD22/original_sorted/BonaFide/099_03.jpg,112_03,099_03,099_03,112_03
OpenCV_099_03_vs_122_03_A_to_B,OpenCV,A_to_B,MAD22/original_sorted/OpenCV/099_03-vs-122_03.jpg,MAD22/original_sorted/BonaFide/099_03.jpg,MAD22/original_sorted/BonaFide/122_03.jpg,099_03,122_03,099_03,122_03
OpenCV_099_03_vs_122_03_B_to_A,OpenCV,B_to_A,MAD22/original_sorted/OpenCV/099_03-vs-122_03.jpg,MAD22/original_sorted/BonaFide/122_03.jpg,MAD22/original_sorted/BonaFide/099_03.jpg,122_03,099_03,099_03,122_03
OpenCV_099_03_vs_126_03_A_to_B,OpenCV,A_to_B,MAD22/original_sorted/OpenCV/099_03-vs-126_03.jpg,MAD22/original_sorted/BonaFide/099_03.jpg,MAD22/original_sorted/BonaFide/126_03.jpg,099_03,126_03,099_03,126_03
OpenCV_099_03_vs_126_03_B_to_A,OpenCV,B_to_A,MAD22/original_sorted/OpenCV/099_03-vs-126_03.jpg,MAD22/original_sorted/BonaFide/126_03.jpg,MAD22/original_sorted/BonaFide/099_03.jpg,126_03,099_03,099_03,126_03
OpenCV_099_08_vs_126_08_A_to_B,OpenCV,A_to_B,MAD22/original_sorted/OpenCV/099_08-vs-126_08.jpg,MAD22/original_sorted/BonaFide/099_08.jpg,MAD22/original_sorted/BonaFide/126_08.jpg,099_08,126_08,099_08,126_08
OpenCV_099_08_vs_126_08_B_to_A,OpenCV,B_to_A,MAD22/original_sorted/OpenCV/099_08-vs-126_08.jpg,MAD22/original_sorted/BonaFide/126_08.jpg,MAD22/original_sorted/BonaFide/099_08.jpg,126_08,099_08,099_08,126_08
OpenCV_101_03_vs_105_03_A_to_B,OpenCV,A_to_B,MAD22/original_sorted/OpenCV/101_03-vs-105_03.jpg,MAD22/original_sorted/BonaFide/101_03.jpg,MAD22/original_sorted/BonaFide/105_03.jpg,101_03,105_03,101_03,105_03
OpenCV_101_03_vs_105_03_B_to_A,OpenCV,B_to_A,MAD22/original_sorted/OpenCV/101_03-vs-105_03.jpg,MAD22/original_sorted/BonaFide/105_03.jpg,MAD22/original_sorted/BonaFide/101_03.jpg,105_03,101_03,101_03,105_03
OpenCV_101_03_vs_121_03_A_to_B,OpenCV,A_to_B,MAD22/original_sorted/OpenCV/101_03-vs-121_03.jpg,MAD22/original_sorted/BonaFide/101_03.jpg,MAD22/original_sorted/BonaFide/121_03.jpg,101_03,121_03,101_03,121_03
OpenCV_101_03_vs_121_03_B_to_A,OpenCV,B_to_A,MAD22/original_sorted/OpenCV/101_03-vs-121_03.jpg,MAD22/original_sorted/BonaFide/121_03.jpg,MAD22/original_sorted/BonaFide/101_03.jpg,121_03,101_03,101_03,121_03
OpenCV_101_03_vs_131_03_A_to_B,OpenCV,A_to_B,MAD22/original_sorted/OpenCV/101_03-vs-131_03.jpg,MAD22/original_sorted/BonaFide/101_03.jpg,MAD22/original_sorted/BonaFide/131_03.jpg,101_03,131_03,101_03,131_03
OpenCV_101_03_vs_131_03_B_to_A,OpenCV,B_to_A,MAD22/original_sorted/OpenCV/101_03-vs-131_03.jpg,MAD22/original_sorted/BonaFide/131_03.jpg,MAD22/original_sorted/BonaFide/101_03.jpg,131_03,101_03,101_03,131_03
OpenCV_101_03_vs_132_03_A_to_B,OpenCV,A_to_B,MAD22/original_sorted/OpenCV/101_03-vs-132_03.jpg,MAD22/original_sorted/BonaFide/101_03.jpg,MAD22/original_sorted/BonaFide/132_03.jpg,101_03,132_03,101_03,132_03
OpenCV_101_03_vs_132_03_B_to_A,OpenCV,B_to_A,MAD22/original_sorted/OpenCV/101_03-vs-132_03.jpg,MAD22/original_sorted/BonaFide/132_03.jpg,MAD22/original_sorted/BonaFide/101_03.jpg,132_03,101_03,101_03,132_03
OpenCV_101_08_vs_117_08_A_to_B,OpenCV,A_to_B,MAD22/original_sorted/OpenCV/101_08-vs-117_08.jpg,MAD22/original_sorted/BonaFide/101_08.jpg,MAD22/original_sorted/BonaFide/117_08.jpg,101_08,117_08,101_08,117_08
OpenCV_101_08_vs_117_08_B_to_A,OpenCV,B_to_A,MAD22/original_sorted/OpenCV/101_08-vs-117_08.jpg,MAD22/original_sorted/BonaFide/117_08.jpg,MAD22/original_sorted/BonaFide/101_08.jpg,117_08,101_08,101_08,117_08
OpenCV_101_08_vs_121_08_A_to_B,OpenCV,A_to_B,MAD22/original_sorted/OpenCV/101_08-vs-121_08.jpg,MAD22/original_sorted/BonaFide/101_08.jpg,MAD22/original_sorted/BonaFide/121_08.jpg,101_08,121_08,101_08,121_08
OpenCV_101_08_vs_121_08_B_to_A,OpenCV,B_to_A,MAD22/original_sorted/OpenCV/101_08-vs-121_08.jpg,MAD22/original_sorted/BonaFide/121_08.jpg,MAD22/original_sorted/BonaFide/101_08.jpg,121_08,101_08,101_08,121_08
OpenCV_101_08_vs_123_08_A_to_B,OpenCV,A_to_B,MAD22/original_sorted/OpenCV/101_08-vs-123_08.jpg,MAD22/original_sorted/BonaFide/101_08.jpg,MAD22/original_sorted/BonaFide/123_08.jpg,101_08,123_08,101_08,123_08
OpenCV_101_08_vs_123_08_B_to_A,OpenCV,B_to_A,MAD22/original_sorted/OpenCV/101_08-vs-123_08.jpg,MAD22/original_sorted/BonaFide/123_08.jpg,MAD22/original_sorted/BonaFide/101_08.jpg,123_08,101_08,101_08,123_08
OpenCV_101_08_vs_131_08_A_to_B,OpenCV,A_to_B,MAD22/original_sorted/OpenCV/101_08-vs-131_08.jpg,MAD22/original_sorted/BonaFide/101_08.jpg,MAD22/original_sorted/BonaFide/131_08.jpg,101_08,131_08,101_08,131_08
OpenCV_101_08_vs_131_08_B_to_A,OpenCV,B_to_A,MAD22/original_sorted/OpenCV/101_08-vs-131_08.jpg,MAD22/original_sorted/BonaFide/131_08.jpg,MAD22/original_sorted/BonaFide/101_08.jpg,131_08,101_08,101_08,131_08
OpenCV_101_08_vs_132_08_A_to_B,OpenCV,A_to_B,MAD22/original_sorted/OpenCV/101_08-vs-132_08.jpg,MAD22/original_sorted/BonaFide/101_08.jpg,MAD22/original_sorted/BonaFide/132_08.jpg,101_08,132_08,101_08,132_08
OpenCV_101_08_vs_132_08_B_to_A,OpenCV,B_to_A,MAD22/original_sorted/OpenCV/101_08-vs-132_08.jpg,MAD22/original_sorted/BonaFide/132_08.jpg,MAD22/original_sorted/BonaFide/101_08.jpg,132_08,101_08,101_08,132_08
OpenCV_101_08_vs_140_08_A_to_B,OpenCV,A_to_B,MAD22/original_sorted/OpenCV/101_08-vs-140_08.jpg,MAD22/original_sorted/BonaFide/101_08.jpg,MAD22/original_sorted/BonaFide/140_08.jpg,101_08,140_08,101_08,140_08
OpenCV_101_08_vs_140_08_B_to_A,OpenCV,B_to_A,MAD22/original_sorted/OpenCV/101_08-vs-140_08.jpg,MAD22/original_sorted/BonaFide/140_08.jpg,MAD22/original_sorted/BonaFide/101_08.jpg,140_08,101_08,101_08,140_08
OpenCV_102_03_vs_144_03_A_to_B,OpenCV,A_to_B,MAD22/original_sorted/OpenCV/102_03-vs-144_03.jpg,MAD22/original_sorted/BonaFide/102_03.jpg,MAD22/original_sorted/BonaFide/144_03.jpg,102_03,144_03,102_03,144_03
OpenCV_102_03_vs_144_03_B_to_A,OpenCV,B_to_A,MAD22/original_sorted/OpenCV/102_03-vs-144_03.jpg,MAD22/original_sorted/BonaFide/144_03.jpg,MAD22/original_sorted/BonaFide/102_03.jpg,144_03,102_03,102_03,144_03
OpenCV_102_08_vs_107_08_A_to_B,OpenCV,A_to_B,MAD22/original_sorted/OpenCV/102_08-vs-107_08.jpg,MAD22/original_sorted/BonaFide/102_08.jpg,MAD22/original_sorted/BonaFide/107_08.jpg,102_08,107_08,102_08,107_08
OpenCV_102_08_vs_107_08_B_to_A,OpenCV,B_to_A,MAD22/original_sorted/OpenCV/102_08-vs-107_08.jpg,MAD22/original_sorted/BonaFide/107_08.jpg,MAD22/original_sorted/BonaFide/102_08.jpg,107_08,102_08,102_08,107_08
OpenCV_102_08_vs_118_08_A_to_B,OpenCV,A_to_B,MAD22/original_sorted/OpenCV/102_08-vs-118_08.jpg,MAD22/original_sorted/BonaFide/102_08.jpg,MAD22/original_sorted/BonaFide/118_08.jpg,102_08,118_08,102_08,118_08
OpenCV_102_08_vs_118_08_B_to_A,OpenCV,B_to_A,MAD22/original_sorted/OpenCV/102_08-vs-118_08.jpg,MAD22/original_sorted/BonaFide/118_08.jpg,MAD22/original_sorted/BonaFide/102_08.jpg,118_08,102_08,102_08,118_08
OpenCV_102_08_vs_122_08_A_to_B,OpenCV,A_to_B,MAD22/original_sorted/OpenCV/102_08-vs-122_08.jpg,MAD22/original_sorted/BonaFide/102_08.jpg,MAD22/original_sorted/BonaFide/122_08.jpg,102_08,122_08,102_08,122_08
OpenCV_102_08_vs_122_08_B_to_A,OpenCV,B_to_A,MAD22/original_sorted/OpenCV/102_08-vs-122_08.jpg,MAD22/original_sorted/BonaFide/122_08.jpg,MAD22/original_sorted/BonaFide/102_08.jpg,122_08,102_08,102_08,122_08
OpenCV_102_08_vs_124_08_A_to_B,OpenCV,A_to_B,MAD22/original_sorted/OpenCV/102_08-vs-124_08.jpg,MAD22/original_sorted/BonaFide/102_08.jpg,MAD22/original_sorted/BonaFide/124_08.jpg,102_08,124_08,102_08,124_08
OpenCV_102_08_vs_124_08_B_to_A,OpenCV,B_to_A,MAD22/original_sorted/OpenCV/102_08-vs-124_08.jpg,MAD22/original_sorted/BonaFide/124_08.jpg,MAD22/original_sorted/BonaFide/102_08.jpg,124_08,102_08,102_08,124_08
OpenCV_102_08_vs_136_08_A_to_B,OpenCV,A_to_B,MAD22/original_sorted/OpenCV/102_08-vs-136_08.jpg,MAD22/original_sorted/BonaFide/102_08.jpg,MAD22/original_sorted/BonaFide/136_08.jpg,102_08,136_08,102_08,136_08
OpenCV_102_08_vs_136_08_B_to_A,OpenCV,B_to_A,MAD22/original_sorted/OpenCV/102_08-vs-136_08.jpg,MAD22/original_sorted/BonaFide/136_08.jpg,MAD22/original_sorted/BonaFide/102_08.jpg,136_08,102_08,102_08,136_08
OpenCV_102_08_vs_139_08_A_to_B,OpenCV,A_to_B,MAD22/original_sorted/OpenCV/102_08-vs-139_08.jpg,MAD22/original_sorted/BonaFide/102_08.jpg,MAD22/original_sorted/BonaFide/139_08.jpg,102_08,139_08,102_08,139_08
OpenCV_102_08_vs_139_08_B_to_A,OpenCV,B_to_A,MAD22/original_sorted/OpenCV/102_08-vs-139_08.jpg,MAD22/original_sorted/BonaFide/139_08.jpg,MAD22/original_sorted/BonaFide/102_08.jpg,139_08,102_08,102_08,139_08
OpenCV_102_08_vs_144_08_A_to_B,OpenCV,A_to_B,MAD22/original_sorted/OpenCV/102_08-vs-144_08.jpg,MAD22/original_sorted/BonaFide/102_08.jpg,MAD22/original_sorted/BonaFide/144_08.jpg,102_08,144_08,102_08,144_08
OpenCV_102_08_vs_144_08_B_to_A,OpenCV,B_to_A,MAD22/original_sorted/OpenCV/102_08-vs-144_08.jpg,MAD22/original_sorted/BonaFide/144_08.jpg,MAD22/original_sorted/BonaFide/102_08.jpg,144_08,102_08,102_08,144_08
OpenCV_103_03_vs_108_03_A_to_B,OpenCV,A_to_B,MAD22/original_sorted/OpenCV/103_03-vs-108_03.jpg,MAD22/original_sorted/BonaFide/103_03.jpg,MAD22/original_sorted/BonaFide/108_03.jpg,103_03,108_03,103_03,108_03
OpenCV_103_03_vs_108_03_B_to_A,OpenCV,B_to_A,MAD22/original_sorted/OpenCV/103_03-vs-108_03.jpg,MAD22/original_sorted/BonaFide/108_03.jpg,MAD22/original_sorted/BonaFide/103_03.jpg,108_03,103_03,103_03,108_03
OpenCV_103_03_vs_128_03_A_to_B,OpenCV,A_to_B,MAD22/original_sorted/OpenCV/103_03-vs-128_03.jpg,MAD22/original_sorted/BonaFide/103_03.jpg,MAD22/original_sorted/BonaFide/128_03.jpg,103_03,128_03,103_03,128_03
OpenCV_103_03_vs_128_03_B_to_A,OpenCV,B_to_A,MAD22/original_sorted/OpenCV/103_03-vs-128_03.jpg,MAD22/original_sorted/BonaFide/128_03.jpg,MAD22/original_sorted/BonaFide/103_03.jpg,128_03,103_03,103_03,128_03
OpenCV_103_03_vs_143_03_A_to_B,OpenCV,A_to_B,MAD22/original_sorted/OpenCV/103_03-vs-143_03.jpg,MAD22/original_sorted/BonaFide/103_03.jpg,MAD22/original_sorted/BonaFide/143_03.jpg,103_03,143_03,103_03,143_03
OpenCV_103_03_vs_143_03_B_to_A,OpenCV,B_to_A,MAD22/original_sorted/OpenCV/103_03-vs-143_03.jpg,MAD22/original_sorted/BonaFide/143_03.jpg,MAD22/original_sorted/BonaFide/103_03.jpg,143_03,103_03,103_03,143_03
OpenCV_103_08_vs_108_08_A_to_B,OpenCV,A_to_B,MAD22/original_sorted/OpenCV/103_08-vs-108_08.jpg,MAD22/original_sorted/BonaFide/103_08.jpg,MAD22/original_sorted/BonaFide/108_08.jpg,103_08,108_08,103_08,108_08
OpenCV_103_08_vs_108_08_B_to_A,OpenCV,B_to_A,MAD22/original_sorted/OpenCV/103_08-vs-108_08.jpg,MAD22/original_sorted/BonaFide/108_08.jpg,MAD22/original_sorted/BonaFide/103_08.jpg,108_08,103_08,103_08,108_08
OpenCV_103_08_vs_128_08_A_to_B,OpenCV,A_to_B,MAD22/original_sorted/OpenCV/103_08-vs-128_08.jpg,MAD22/original_sorted/BonaFide/103_08.jpg,MAD22/original_sorted/BonaFide/128_08.jpg,103_08,128_08,103_08,128_08
OpenCV_103_08_vs_128_08_B_to_A,OpenCV,B_to_A,MAD22/original_sorted/OpenCV/103_08-vs-128_08.jpg,MAD22/original_sorted/BonaFide/128_08.jpg,MAD22/original_sorted/BonaFide/103_08.jpg,128_08,103_08,103_08,128_08
OpenCV_104_03_vs_123_03_A_to_B,OpenCV,A_to_B,MAD22/original_sorted/OpenCV/104_03-vs-123_03.jpg,MAD22/original_sorted/BonaFide/104_03.jpg,MAD22/original_sorted/BonaFide/123_03.jpg,104_03,123_03,104_03,123_03
OpenCV_104_03_vs_123_03_B_to_A,OpenCV,B_to_A,MAD22/original_sorted/OpenCV/104_03-vs-123_03.jpg,MAD22/original_sorted/BonaFide/123_03.jpg,MAD22/original_sorted/BonaFide/104_03.jpg,123_03,104_03,104_03,123_03
OpenCV_104_03_vs_130_03_A_to_B,OpenCV,A_to_B,MAD22/original_sorted/OpenCV/104_03-vs-130_03.jpg,MAD22/original_sorted/BonaFide/104_03.jpg,MAD22/original_sorted/BonaFide/130_03.jpg,104_03,130_03,104_03,130_03
OpenCV_104_03_vs_130_03_B_to_A,OpenCV,B_to_A,MAD22/original_sorted/OpenCV/104_03-vs-130_03.jpg,MAD22/original_sorted/BonaFide/130_03.jpg,MAD22/original_sorted/BonaFide/104_03.jpg,130_03,104_03,104_03,130_03
OpenCV_104_03_vs_141_03_A_to_B,OpenCV,A_to_B,MAD22/original_sorted/OpenCV/104_03-vs-141_03.jpg,MAD22/original_sorted/BonaFide/104_03.jpg,MAD22/original_sorted/BonaFide/141_03.jpg,104_03,141_03,104_03,141_03
OpenCV_104_03_vs_141_03_B_to_A,OpenCV,B_to_A,MAD22/original_sorted/OpenCV/104_03-vs-141_03.jpg,MAD22/original_sorted/BonaFide/141_03.jpg,MAD22/original_sorted/BonaFide/104_03.jpg,141_03,104_03,104_03,141_03
OpenCV_105_03_vs_121_03_A_to_B,OpenCV,A_to_B,MAD22/original_sorted/OpenCV/105_03-vs-121_03.jpg,MAD22/original_sorted/BonaFide/105_03.jpg,MAD22/original_sorted/BonaFide/121_03.jpg,105_03,121_03,105_03,121_03
OpenCV_105_03_vs_121_03_B_to_A,OpenCV,B_to_A,MAD22/original_sorted/OpenCV/105_03-vs-121_03.jpg,MAD22/original_sorted/BonaFide/121_03.jpg,MAD22/original_sorted/BonaFide/105_03.jpg,121_03,105_03,105_03,121_03
OpenCV_105_03_vs_125_03_A_to_B,OpenCV,A_to_B,MAD22/original_sorted/OpenCV/105_03-vs-125_03.jpg,MAD22/original_sorted/BonaFide/105_03.jpg,MAD22/original_sorted/BonaFide/125_03.jpg,105_03,125_03,105_03,125_03
OpenCV_105_03_vs_125_03_B_to_A,OpenCV,B_to_A,MAD22/original_sorted/OpenCV/105_03-vs-125_03.jpg,MAD22/original_sorted/BonaFide/125_03.jpg,MAD22/original_sorted/BonaFide/105_03.jpg,125_03,105_03,105_03,125_03
OpenCV_105_03_vs_141_03_A_to_B,OpenCV,A_to_B,MAD22/original_sorted/OpenCV/105_03-vs-141_03.jpg,MAD22/original_sorted/BonaFide/105_03.jpg,MAD22/original_sorted/BonaFide/141_03.jpg,105_03,141_03,105_03,141_03
OpenCV_105_03_vs_141_03_B_to_A,OpenCV,B_to_A,MAD22/original_sorted/OpenCV/105_03-vs-141_03.jpg,MAD22/original_sorted/BonaFide/141_03.jpg,MAD22/original_sorted/BonaFide/105_03.jpg,141_03,105_03,105_03,141_03
OpenCV_107_08_vs_118_08_A_to_B,OpenCV,A_to_B,MAD22/original_sorted/OpenCV/107_08-vs-118_08.jpg,MAD22/original_sorted/BonaFide/107_08.jpg,MAD22/original_sorted/BonaFide/118_08.jpg,107_08,118_08,107_08,118_08
OpenCV_107_08_vs_118_08_B_to_A,OpenCV,B_to_A,MAD22/original_sorted/OpenCV/107_08-vs-118_08.jpg,MAD22/original_sorted/BonaFide/118_08.jpg,MAD22/original_sorted/BonaFide/107_08.jpg,118_08,107_08,107_08,118_08
OpenCV_108_03_vs_128_03_A_to_B,OpenCV,A_to_B,MAD22/original_sorted/OpenCV/108_03-vs-128_03.jpg,MAD22/original_sorted/BonaFide/108_03.jpg,MAD22/original_sorted/BonaFide/128_03.jpg,108_03,128_03,108_03,128_03
OpenCV_108_03_vs_128_03_B_to_A,OpenCV,B_to_A,MAD22/original_sorted/OpenCV/108_03-vs-128_03.jpg,MAD22/original_sorted/BonaFide/128_03.jpg,MAD22/original_sorted/BonaFide/108_03.jpg,128_03,108_03,108_03,128_03
OpenCV_108_03_vs_142_03_A_to_B,OpenCV,A_to_B,MAD22/original_sorted/OpenCV/108_03-vs-142_03.jpg,MAD22/original_sorted/BonaFide/108_03.jpg,MAD22/original_sorted/BonaFide/142_03.jpg,108_03,142_03,108_03,142_03
OpenCV_108_03_vs_142_03_B_to_A,OpenCV,B_to_A,MAD22/original_sorted/OpenCV/108_03-vs-142_03.jpg,MAD22/original_sorted/BonaFide/142_03.jpg,MAD22/original_sorted/BonaFide/108_03.jpg,142_03,108_03,108_03,142_03
OpenCV_108_03_vs_143_03_A_to_B,OpenCV,A_to_B,MAD22/original_sorted/OpenCV/108_03-vs-143_03.jpg,MAD22/original_sorted/BonaFide/108_03.jpg,MAD22/original_sorted/BonaFide/143_03.jpg,108_03,143_03,108_03,143_03
OpenCV_108_03_vs_143_03_B_to_A,OpenCV,B_to_A,MAD22/original_sorted/OpenCV/108_03-vs-143_03.jpg,MAD22/original_sorted/BonaFide/143_03.jpg,MAD22/original_sorted/BonaFide/108_03.jpg,143_03,108_03,108_03,143_03
OpenCV_108_08_vs_128_08_A_to_B,OpenCV,A_to_B,MAD22/original_sorted/OpenCV/108_08-vs-128_08.jpg,MAD22/original_sorted/BonaFide/108_08.jpg,MAD22/original_sorted/BonaFide/128_08.jpg,108_08,128_08,108_08,128_08
OpenCV_108_08_vs_128_08_B_to_A,OpenCV,B_to_A,MAD22/original_sorted/OpenCV/108_08-vs-128_08.jpg,MAD22/original_sorted/BonaFide/128_08.jpg,MAD22/original_sorted/BonaFide/108_08.jpg,128_08,108_08,108_08,128_08
OpenCV_108_08_vs_143_08_A_to_B,OpenCV,A_to_B,MAD22/original_sorted/OpenCV/108_08-vs-143_08.jpg,MAD22/original_sorted/BonaFide/108_08.jpg,MAD22/original_sorted/BonaFide/143_08.jpg,108_08,143_08,108_08,143_08
OpenCV_108_08_vs_143_08_B_to_A,OpenCV,B_to_A,MAD22/original_sorted/OpenCV/108_08-vs-143_08.jpg,MAD22/original_sorted/BonaFide/143_08.jpg,MAD22/original_sorted/BonaFide/108_08.jpg,143_08,108_08,108_08,143_08
OpenCV_112_03_vs_134_03_A_to_B,OpenCV,A_to_B,MAD22/original_sorted/OpenCV/112_03-vs-134_03.jpg,MAD22/original_sorted/BonaFide/112_03.jpg,MAD22/original_sorted/BonaFide/134_03.jpg,112_03,134_03,112_03,134_03
OpenCV_112_03_vs_134_03_B_to_A,OpenCV,B_to_A,MAD22/original_sorted/OpenCV/112_03-vs-134_03.jpg,MAD22/original_sorted/BonaFide/134_03.jpg,MAD22/original_sorted/BonaFide/112_03.jpg,134_03,112_03,112_03,134_03
OpenCV_113_03_vs_118_03_A_to_B,OpenCV,A_to_B,MAD22/original_sorted/OpenCV/113_03-vs-118_03.jpg,MAD22/original_sorted/BonaFide/113_03.jpg,MAD22/original_sorted/BonaFide/118_03.jpg,113_03,118_03,113_03,118_03
OpenCV_113_03_vs_118_03_B_to_A,OpenCV,B_to_A,MAD22/original_sorted/OpenCV/113_03-vs-118_03.jpg,MAD22/original_sorted/BonaFide/118_03.jpg,MAD22/original_sorted/BonaFide/113_03.jpg,118_03,113_03,113_03,118_03
OpenCV_113_08_vs_118_08_A_to_B,OpenCV,A_to_B,MAD22/original_sorted/OpenCV/113_08-vs-118_08.jpg,MAD22/original_sorted/BonaFide/113_08.jpg,MAD22/original_sorted/BonaFide/118_08.jpg,113_08,118_08,113_08,118_08
OpenCV_113_08_vs_118_08_B_to_A,OpenCV,B_to_A,MAD22/original_sorted/OpenCV/113_08-vs-118_08.jpg,MAD22/original_sorted/BonaFide/118_08.jpg,MAD22/original_sorted/BonaFide/113_08.jpg,118_08,113_08,113_08,118_08
OpenCV_113_08_vs_139_08_A_to_B,OpenCV,A_to_B,MAD22/original_sorted/OpenCV/113_08-vs-139_08.jpg,MAD22/original_sorted/BonaFide/113_08.jpg,MAD22/original_sorted/BonaFide/139_08.jpg,113_08,139_08,113_08,139_08
OpenCV_113_08_vs_139_08_B_to_A,OpenCV,B_to_A,MAD22/original_sorted/OpenCV/113_08-vs-139_08.jpg,MAD22/original_sorted/BonaFide/139_08.jpg,MAD22/original_sorted/BonaFide/113_08.jpg,139_08,113_08,113_08,139_08
OpenCV_114_08_vs_128_08_A_to_B,OpenCV,A_to_B,MAD22/original_sorted/OpenCV/114_08-vs-128_08.jpg,MAD22/original_sorted/BonaFide/114_08.jpg,MAD22/original_sorted/BonaFide/128_08.jpg,114_08,128_08,114_08,128_08
OpenCV_114_08_vs_128_08_B_to_A,OpenCV,B_to_A,MAD22/original_sorted/OpenCV/114_08-vs-128_08.jpg,MAD22/original_sorted/BonaFide/128_08.jpg,MAD22/original_sorted/BonaFide/114_08.jpg,128_08,114_08,114_08,128_08
OpenCV_115_03_vs_123_03_A_to_B,OpenCV,A_to_B,MAD22/original_sorted/OpenCV/115_03-vs-123_03.jpg,MAD22/original_sorted/BonaFide/115_03.jpg,MAD22/original_sorted/BonaFide/123_03.jpg,115_03,123_03,115_03,123_03
OpenCV_115_03_vs_123_03_B_to_A,OpenCV,B_to_A,MAD22/original_sorted/OpenCV/115_03-vs-123_03.jpg,MAD22/original_sorted/BonaFide/123_03.jpg,MAD22/original_sorted/BonaFide/115_03.jpg,123_03,115_03,115_03,123_03
OpenCV_115_03_vs_125_03_A_to_B,OpenCV,A_to_B,MAD22/original_sorted/OpenCV/115_03-vs-125_03.jpg,MAD22/original_sorted/BonaFide/115_03.jpg,MAD22/original_sorted/BonaFide/125_03.jpg,115_03,125_03,115_03,125_03
OpenCV_115_03_vs_125_03_B_to_A,OpenCV,B_to_A,MAD22/original_sorted/OpenCV/115_03-vs-125_03.jpg,MAD22/original_sorted/BonaFide/125_03.jpg,MAD22/original_sorted/BonaFide/115_03.jpg,125_03,115_03,115_03,125_03
OpenCV_115_03_vs_142_03_A_to_B,OpenCV,A_to_B,MAD22/original_sorted/OpenCV/115_03-vs-142_03.jpg,MAD22/original_sorted/BonaFide/115_03.jpg,MAD22/original_sorted/BonaFide/142_03.jpg,115_03,142_03,115_03,142_03
OpenCV_115_03_vs_142_03_B_to_A,OpenCV,B_to_A,MAD22/original_sorted/OpenCV/115_03-vs-142_03.jpg,MAD22/original_sorted/BonaFide/142_03.jpg,MAD22/original_sorted/BonaFide/115_03.jpg,142_03,115_03,115_03,142_03
OpenCV_115_08_vs_125_08_A_to_B,OpenCV,A_to_B,MAD22/original_sorted/OpenCV/115_08-vs-125_08.jpg,MAD22/original_sorted/BonaFide/115_08.jpg,MAD22/original_sorted/BonaFide/125_08.jpg,115_08,125_08,115_08,125_08
OpenCV_115_08_vs_125_08_B_to_A,OpenCV,B_to_A,MAD22/original_sorted/OpenCV/115_08-vs-125_08.jpg,MAD22/original_sorted/BonaFide/125_08.jpg,MAD22/original_sorted/BonaFide/115_08.jpg,125_08,115_08,115_08,125_08
OpenCV_115_08_vs_132_08_A_to_B,OpenCV,A_to_B,MAD22/original_sorted/OpenCV/115_08-vs-132_08.jpg,MAD22/original_sorted/BonaFide/115_08.jpg,MAD22/original_sorted/BonaFide/132_08.jpg,115_08,132_08,115_08,132_08
OpenCV_115_08_vs_132_08_B_to_A,OpenCV,B_to_A,MAD22/original_sorted/OpenCV/115_08-vs-132_08.jpg,MAD22/original_sorted/BonaFide/132_08.jpg,MAD22/original_sorted/BonaFide/115_08.jpg,132_08,115_08,115_08,132_08
OpenCV_117_08_vs_121_08_A_to_B,OpenCV,A_to_B,MAD22/original_sorted/OpenCV/117_08-vs-121_08.jpg,MAD22/original_sorted/BonaFide/117_08.jpg,MAD22/original_sorted/BonaFide/121_08.jpg,117_08,121_08,117_08,121_08
OpenCV_117_08_vs_121_08_B_to_A,OpenCV,B_to_A,MAD22/original_sorted/OpenCV/117_08-vs-121_08.jpg,MAD22/original_sorted/BonaFide/121_08.jpg,MAD22/original_sorted/BonaFide/117_08.jpg,121_08,117_08,117_08,121_08
OpenCV_117_08_vs_123_08_A_to_B,OpenCV,A_to_B,MAD22/original_sorted/OpenCV/117_08-vs-123_08.jpg,MAD22/original_sorted/BonaFide/117_08.jpg,MAD22/original_sorted/BonaFide/123_08.jpg,117_08,123_08,117_08,123_08
OpenCV_117_08_vs_123_08_B_to_A,OpenCV,B_to_A,MAD22/original_sorted/OpenCV/117_08-vs-123_08.jpg,MAD22/original_sorted/BonaFide/123_08.jpg,MAD22/original_sorted/BonaFide/117_08.jpg,123_08,117_08,117_08,123_08
OpenCV_117_08_vs_141_08_A_to_B,OpenCV,A_to_B,MAD22/original_sorted/OpenCV/117_08-vs-141_08.jpg,MAD22/original_sorted/BonaFide/117_08.jpg,MAD22/original_sorted/BonaFide/141_08.jpg,117_08,141_08,117_08,141_08
OpenCV_117_08_vs_141_08_B_to_A,OpenCV,B_to_A,MAD22/original_sorted/OpenCV/117_08-vs-141_08.jpg,MAD22/original_sorted/BonaFide/141_08.jpg,MAD22/original_sorted/BonaFide/117_08.jpg,141_08,117_08,117_08,141_08
OpenCV_117_08_vs_173_08_A_to_B,OpenCV,A_to_B,MAD22/original_sorted/OpenCV/117_08-vs-173_08.jpg,MAD22/original_sorted/BonaFide/117_08.jpg,MAD22/original_sorted/BonaFide/173_08.jpg,117_08,173_08,117_08,173_08
OpenCV_117_08_vs_173_08_B_to_A,OpenCV,B_to_A,MAD22/original_sorted/OpenCV/117_08-vs-173_08.jpg,MAD22/original_sorted/BonaFide/173_08.jpg,MAD22/original_sorted/BonaFide/117_08.jpg,173_08,117_08,117_08,173_08
OpenCV_118_08_vs_139_08_A_to_B,OpenCV,A_to_B,MAD22/original_sorted/OpenCV/118_08-vs-139_08.jpg,MAD22/original_sorted/BonaFide/118_08.jpg,MAD22/original_sorted/BonaFide/139_08.jpg,118_08,139_08,118_08,139_08
OpenCV_118_08_vs_139_08_B_to_A,OpenCV,B_to_A,MAD22/original_sorted/OpenCV/118_08-vs-139_08.jpg,MAD22/original_sorted/BonaFide/139_08.jpg,MAD22/original_sorted/BonaFide/118_08.jpg,139_08,118_08,118_08,139_08
OpenCV_118_08_vs_144_08_A_to_B,OpenCV,A_to_B,MAD22/original_sorted/OpenCV/118_08-vs-144_08.jpg,MAD22/original_sorted/BonaFide/118_08.jpg,MAD22/original_sorted/BonaFide/144_08.jpg,118_08,144_08,118_08,144_08
OpenCV_118_08_vs_144_08_B_to_A,OpenCV,B_to_A,MAD22/original_sorted/OpenCV/118_08-vs-144_08.jpg,MAD22/original_sorted/BonaFide/144_08.jpg,MAD22/original_sorted/BonaFide/118_08.jpg,144_08,118_08,118_08,144_08
OpenCV_119_03_vs_137_03_A_to_B,OpenCV,A_to_B,MAD22/original_sorted/OpenCV/119_03-vs-137_03.jpg,MAD22/original_sorted/BonaFide/119_03.jpg,MAD22/original_sorted/BonaFide/137_03.jpg,119_03,137_03,119_03,137_03
OpenCV_119_03_vs_137_03_B_to_A,OpenCV,B_to_A,MAD22/original_sorted/OpenCV/119_03-vs-137_03.jpg,MAD22/original_sorted/BonaFide/137_03.jpg,MAD22/original_sorted/BonaFide/119_03.jpg,137_03,119_03,119_03,137_03
OpenCV_119_08_vs_140_08_A_to_B,OpenCV,A_to_B,MAD22/original_sorted/OpenCV/119_08-vs-140_08.jpg,MAD22/original_sorted/BonaFide/119_08.jpg,MAD22/original_sorted/BonaFide/140_08.jpg,119_08,140_08,119_08,140_08
OpenCV_119_08_vs_140_08_B_to_A,OpenCV,B_to_A,MAD22/original_sorted/OpenCV/119_08-vs-140_08.jpg,MAD22/original_sorted/BonaFide/140_08.jpg,MAD22/original_sorted/BonaFide/119_08.jpg,140_08,119_08,119_08,140_08
OpenCV_120_08_vs_135_08_A_to_B,OpenCV,A_to_B,MAD22/original_sorted/OpenCV/120_08-vs-135_08.jpg,MAD22/original_sorted/BonaFide/120_08.jpg,MAD22/original_sorted/BonaFide/135_08.jpg,120_08,135_08,120_08,135_08
OpenCV_120_08_vs_135_08_B_to_A,OpenCV,B_to_A,MAD22/original_sorted/OpenCV/120_08-vs-135_08.jpg,MAD22/original_sorted/BonaFide/135_08.jpg,MAD22/original_sorted/BonaFide/120_08.jpg,135_08,120_08,120_08,135_08
OpenCV_120_08_vs_136_08_A_to_B,OpenCV,A_to_B,MAD22/original_sorted/OpenCV/120_08-vs-136_08.jpg,MAD22/original_sorted/BonaFide/120_08.jpg,MAD22/original_sorted/BonaFide/136_08.jpg,120_08,136_08,120_08,136_08
OpenCV_120_08_vs_136_08_B_to_A,OpenCV,B_to_A,MAD22/original_sorted/OpenCV/120_08-vs-136_08.jpg,MAD22/original_sorted/BonaFide/136_08.jpg,MAD22/original_sorted/BonaFide/120_08.jpg,136_08,120_08,120_08,136_08
OpenCV_120_08_vs_144_08_A_to_B,OpenCV,A_to_B,MAD22/original_sorted/OpenCV/120_08-vs-144_08.jpg,MAD22/original_sorted/BonaFide/120_08.jpg,MAD22/original_sorted/BonaFide/144_08.jpg,120_08,144_08,120_08,144_08
OpenCV_120_08_vs_144_08_B_to_A,OpenCV,B_to_A,MAD22/original_sorted/OpenCV/120_08-vs-144_08.jpg,MAD22/original_sorted/BonaFide/144_08.jpg,MAD22/original_sorted/BonaFide/120_08.jpg,144_08,120_08,120_08,144_08
OpenCV_121_03_vs_137_03_A_to_B,OpenCV,A_to_B,MAD22/original_sorted/OpenCV/121_03-vs-137_03.jpg,MAD22/original_sorted/BonaFide/121_03.jpg,MAD22/original_sorted/BonaFide/137_03.jpg,121_03,137_03,121_03,137_03
OpenCV_121_03_vs_137_03_B_to_A,OpenCV,B_to_A,MAD22/original_sorted/OpenCV/121_03-vs-137_03.jpg,MAD22/original_sorted/BonaFide/137_03.jpg,MAD22/original_sorted/BonaFide/121_03.jpg,137_03,121_03,121_03,137_03
OpenCV_121_03_vs_142_03_A_to_B,OpenCV,A_to_B,MAD22/original_sorted/OpenCV/121_03-vs-142_03.jpg,MAD22/original_sorted/BonaFide/121_03.jpg,MAD22/original_sorted/BonaFide/142_03.jpg,121_03,142_03,121_03,142_03
OpenCV_121_03_vs_142_03_B_to_A,OpenCV,B_to_A,MAD22/original_sorted/OpenCV/121_03-vs-142_03.jpg,MAD22/original_sorted/BonaFide/142_03.jpg,MAD22/original_sorted/BonaFide/121_03.jpg,142_03,121_03,121_03,142_03
OpenCV_121_08_vs_142_08_A_to_B,OpenCV,A_to_B,MAD22/original_sorted/OpenCV/121_08-vs-142_08.jpg,MAD22/original_sorted/BonaFide/121_08.jpg,MAD22/original_sorted/BonaFide/142_08.jpg,121_08,142_08,121_08,142_08
OpenCV_121_08_vs_142_08_B_to_A,OpenCV,B_to_A,MAD22/original_sorted/OpenCV/121_08-vs-142_08.jpg,MAD22/original_sorted/BonaFide/142_08.jpg,MAD22/original_sorted/BonaFide/121_08.jpg,142_08,121_08,121_08,142_08
OpenCV_122_08_vs_129_08_A_to_B,OpenCV,A_to_B,MAD22/original_sorted/OpenCV/122_08-vs-129_08.jpg,MAD22/original_sorted/BonaFide/122_08.jpg,MAD22/original_sorted/BonaFide/129_08.jpg,122_08,129_08,122_08,129_08
OpenCV_122_08_vs_129_08_B_to_A,OpenCV,B_to_A,MAD22/original_sorted/OpenCV/122_08-vs-129_08.jpg,MAD22/original_sorted/BonaFide/129_08.jpg,MAD22/original_sorted/BonaFide/122_08.jpg,129_08,122_08,122_08,129_08
OpenCV_122_08_vs_139_08_A_to_B,OpenCV,A_to_B,MAD22/original_sorted/OpenCV/122_08-vs-139_08.jpg,MAD22/original_sorted/BonaFide/122_08.jpg,MAD22/original_sorted/BonaFide/139_08.jpg,122_08,139_08,122_08,139_08
OpenCV_122_08_vs_139_08_B_to_A,OpenCV,B_to_A,MAD22/original_sorted/OpenCV/122_08-vs-139_08.jpg,MAD22/original_sorted/BonaFide/139_08.jpg,MAD22/original_sorted/BonaFide/122_08.jpg,139_08,122_08,122_08,139_08
OpenCV_123_03_vs_130_03_A_to_B,OpenCV,A_to_B,MAD22/original_sorted/OpenCV/123_03-vs-130_03.jpg,MAD22/original_sorted/BonaFide/123_03.jpg,MAD22/original_sorted/BonaFide/130_03.jpg,123_03,130_03,123_03,130_03
OpenCV_123_03_vs_130_03_B_to_A,OpenCV,B_to_A,MAD22/original_sorted/OpenCV/123_03-vs-130_03.jpg,MAD22/original_sorted/BonaFide/130_03.jpg,MAD22/original_sorted/BonaFide/123_03.jpg,130_03,123_03,123_03,130_03
OpenCV_123_03_vs_131_03_A_to_B,OpenCV,A_to_B,MAD22/original_sorted/OpenCV/123_03-vs-131_03.jpg,MAD22/original_sorted/BonaFide/123_03.jpg,MAD22/original_sorted/BonaFide/131_03.jpg,123_03,131_03,123_03,131_03
OpenCV_123_03_vs_131_03_B_to_A,OpenCV,B_to_A,MAD22/original_sorted/OpenCV/123_03-vs-131_03.jpg,MAD22/original_sorted/BonaFide/131_03.jpg,MAD22/original_sorted/BonaFide/123_03.jpg,131_03,123_03,123_03,131_03
OpenCV_123_03_vs_138_03_A_to_B,OpenCV,A_to_B,MAD22/original_sorted/OpenCV/123_03-vs-138_03.jpg,MAD22/original_sorted/BonaFide/123_03.jpg,MAD22/original_sorted/BonaFide/138_03.jpg,123_03,138_03,123_03,138_03
OpenCV_123_03_vs_138_03_B_to_A,OpenCV,B_to_A,MAD22/original_sorted/OpenCV/123_03-vs-138_03.jpg,MAD22/original_sorted/BonaFide/138_03.jpg,MAD22/original_sorted/BonaFide/123_03.jpg,138_03,123_03,123_03,138_03
OpenCV_123_03_vs_142_03_A_to_B,OpenCV,A_to_B,MAD22/original_sorted/OpenCV/123_03-vs-142_03.jpg,MAD22/original_sorted/BonaFide/123_03.jpg,MAD22/original_sorted/BonaFide/142_03.jpg,123_03,142_03,123_03,142_03
OpenCV_123_03_vs_142_03_B_to_A,OpenCV,B_to_A,MAD22/original_sorted/OpenCV/123_03-vs-142_03.jpg,MAD22/original_sorted/BonaFide/142_03.jpg,MAD22/original_sorted/BonaFide/123_03.jpg,142_03,123_03,123_03,142_03
OpenCV_123_03_vs_173_03_A_to_B,OpenCV,A_to_B,MAD22/original_sorted/OpenCV/123_03-vs-173_03.jpg,MAD22/original_sorted/BonaFide/123_03.jpg,MAD22/original_sorted/BonaFide/173_03.jpg,123_03,173_03,123_03,173_03
OpenCV_123_03_vs_173_03_B_to_A,OpenCV,B_to_A,MAD22/original_sorted/OpenCV/123_03-vs-173_03.jpg,MAD22/original_sorted/BonaFide/173_03.jpg,MAD22/original_sorted/BonaFide/123_03.jpg,173_03,123_03,123_03,173_03
OpenCV_124_03_vs_126_03_A_to_B,OpenCV,A_to_B,MAD22/original_sorted/OpenCV/124_03-vs-126_03.jpg,MAD22/original_sorted/BonaFide/124_03.jpg,MAD22/original_sorted/BonaFide/126_03.jpg,124_03,126_03,124_03,126_03
OpenCV_124_03_vs_126_03_B_to_A,OpenCV,B_to_A,MAD22/original_sorted/OpenCV/124_03-vs-126_03.jpg,MAD22/original_sorted/BonaFide/126_03.jpg,MAD22/original_sorted/BonaFide/124_03.jpg,126_03,124_03,124_03,126_03
OpenCV_124_03_vs_136_03_A_to_B,OpenCV,A_to_B,MAD22/original_sorted/OpenCV/124_03-vs-136_03.jpg,MAD22/original_sorted/BonaFide/124_03.jpg,MAD22/original_sorted/BonaFide/136_03.jpg,124_03,136_03,124_03,136_03
OpenCV_124_03_vs_136_03_B_to_A,OpenCV,B_to_A,MAD22/original_sorted/OpenCV/124_03-vs-136_03.jpg,MAD22/original_sorted/BonaFide/136_03.jpg,MAD22/original_sorted/BonaFide/124_03.jpg,136_03,124_03,124_03,136_03
OpenCV_124_08_vs_126_08_A_to_B,OpenCV,A_to_B,MAD22/original_sorted/OpenCV/124_08-vs-126_08.jpg,MAD22/original_sorted/BonaFide/124_08.jpg,MAD22/original_sorted/BonaFide/126_08.jpg,124_08,126_08,124_08,126_08
OpenCV_124_08_vs_126_08_B_to_A,OpenCV,B_to_A,MAD22/original_sorted/OpenCV/124_08-vs-126_08.jpg,MAD22/original_sorted/BonaFide/126_08.jpg,MAD22/original_sorted/BonaFide/124_08.jpg,126_08,124_08,124_08,126_08
OpenCV_124_08_vs_136_08_A_to_B,OpenCV,A_to_B,MAD22/original_sorted/OpenCV/124_08-vs-136_08.jpg,MAD22/original_sorted/BonaFide/124_08.jpg,MAD22/original_sorted/BonaFide/136_08.jpg,124_08,136_08,124_08,136_08
OpenCV_124_08_vs_136_08_B_to_A,OpenCV,B_to_A,MAD22/original_sorted/OpenCV/124_08-vs-136_08.jpg,MAD22/original_sorted/BonaFide/136_08.jpg,MAD22/original_sorted/BonaFide/124_08.jpg,136_08,124_08,124_08,136_08
OpenCV_125_03_vs_132_03_A_to_B,OpenCV,A_to_B,MAD22/original_sorted/OpenCV/125_03-vs-132_03.jpg,MAD22/original_sorted/BonaFide/125_03.jpg,MAD22/original_sorted/BonaFide/132_03.jpg,125_03,132_03,125_03,132_03
OpenCV_125_03_vs_132_03_B_to_A,OpenCV,B_to_A,MAD22/original_sorted/OpenCV/125_03-vs-132_03.jpg,MAD22/original_sorted/BonaFide/132_03.jpg,MAD22/original_sorted/BonaFide/125_03.jpg,132_03,125_03,125_03,132_03
OpenCV_125_03_vs_141_03_A_to_B,OpenCV,A_to_B,MAD22/original_sorted/OpenCV/125_03-vs-141_03.jpg,MAD22/original_sorted/BonaFide/125_03.jpg,MAD22/original_sorted/BonaFide/141_03.jpg,125_03,141_03,125_03,141_03
OpenCV_125_03_vs_141_03_B_to_A,OpenCV,B_to_A,MAD22/original_sorted/OpenCV/125_03-vs-141_03.jpg,MAD22/original_sorted/BonaFide/141_03.jpg,MAD22/original_sorted/BonaFide/125_03.jpg,141_03,125_03,125_03,141_03
OpenCV_125_03_vs_172_03_A_to_B,OpenCV,A_to_B,MAD22/original_sorted/OpenCV/125_03-vs-172_03.jpg,MAD22/original_sorted/BonaFide/125_03.jpg,MAD22/original_sorted/BonaFide/172_03.jpg,125_03,172_03,125_03,172_03
OpenCV_125_03_vs_172_03_B_to_A,OpenCV,B_to_A,MAD22/original_sorted/OpenCV/125_03-vs-172_03.jpg,MAD22/original_sorted/BonaFide/172_03.jpg,MAD22/original_sorted/BonaFide/125_03.jpg,172_03,125_03,125_03,172_03
OpenCV_125_03_vs_173_03_A_to_B,OpenCV,A_to_B,MAD22/original_sorted/OpenCV/125_03-vs-173_03.jpg,MAD22/original_sorted/BonaFide/125_03.jpg,MAD22/original_sorted/BonaFide/173_03.jpg,125_03,173_03,125_03,173_03
OpenCV_125_03_vs_173_03_B_to_A,OpenCV,B_to_A,MAD22/original_sorted/OpenCV/125_03-vs-173_03.jpg,MAD22/original_sorted/BonaFide/173_03.jpg,MAD22/original_sorted/BonaFide/125_03.jpg,173_03,125_03,125_03,173_03
OpenCV_125_08_vs_141_08_A_to_B,OpenCV,A_to_B,MAD22/original_sorted/OpenCV/125_08-vs-141_08.jpg,MAD22/original_sorted/BonaFide/125_08.jpg,MAD22/original_sorted/BonaFide/141_08.jpg,125_08,141_08,125_08,141_08
OpenCV_125_08_vs_141_08_B_to_A,OpenCV,B_to_A,MAD22/original_sorted/OpenCV/125_08-vs-141_08.jpg,MAD22/original_sorted/BonaFide/141_08.jpg,MAD22/original_sorted/BonaFide/125_08.jpg,141_08,125_08,125_08,141_08
OpenCV_125_08_vs_173_08_A_to_B,OpenCV,A_to_B,MAD22/original_sorted/OpenCV/125_08-vs-173_08.jpg,MAD22/original_sorted/BonaFide/125_08.jpg,MAD22/original_sorted/BonaFide/173_08.jpg,125_08,173_08,125_08,173_08
OpenCV_125_08_vs_173_08_B_to_A,OpenCV,B_to_A,MAD22/original_sorted/OpenCV/125_08-vs-173_08.jpg,MAD22/original_sorted/BonaFide/173_08.jpg,MAD22/original_sorted/BonaFide/125_08.jpg,173_08,125_08,125_08,173_08
OpenCV_126_08_vs_127_08_A_to_B,OpenCV,A_to_B,MAD22/original_sorted/OpenCV/126_08-vs-127_08.jpg,MAD22/original_sorted/BonaFide/126_08.jpg,MAD22/original_sorted/BonaFide/127_08.jpg,126_08,127_08,126_08,127_08
OpenCV_126_08_vs_127_08_B_to_A,OpenCV,B_to_A,MAD22/original_sorted/OpenCV/126_08-vs-127_08.jpg,MAD22/original_sorted/BonaFide/127_08.jpg,MAD22/original_sorted/BonaFide/126_08.jpg,127_08,126_08,126_08,127_08
OpenCV_126_08_vs_136_08_A_to_B,OpenCV,A_to_B,MAD22/original_sorted/OpenCV/126_08-vs-136_08.jpg,MAD22/original_sorted/BonaFide/126_08.jpg,MAD22/original_sorted/BonaFide/136_08.jpg,126_08,136_08,126_08,136_08
OpenCV_126_08_vs_136_08_B_to_A,OpenCV,B_to_A,MAD22/original_sorted/OpenCV/126_08-vs-136_08.jpg,MAD22/original_sorted/BonaFide/136_08.jpg,MAD22/original_sorted/BonaFide/126_08.jpg,136_08,126_08,126_08,136_08
OpenCV_126_08_vs_144_08_A_to_B,OpenCV,A_to_B,MAD22/original_sorted/OpenCV/126_08-vs-144_08.jpg,MAD22/original_sorted/BonaFide/126_08.jpg,MAD22/original_sorted/BonaFide/144_08.jpg,126_08,144_08,126_08,144_08
OpenCV_126_08_vs_144_08_B_to_A,OpenCV,B_to_A,MAD22/original_sorted/OpenCV/126_08-vs-144_08.jpg,MAD22/original_sorted/BonaFide/144_08.jpg,MAD22/original_sorted/BonaFide/126_08.jpg,144_08,126_08,126_08,144_08
OpenCV_128_03_vs_130_03_A_to_B,OpenCV,A_to_B,MAD22/original_sorted/OpenCV/128_03-vs-130_03.jpg,MAD22/original_sorted/BonaFide/128_03.jpg,MAD22/original_sorted/BonaFide/130_03.jpg,128_03,130_03,128_03,130_03
OpenCV_128_03_vs_130_03_B_to_A,OpenCV,B_to_A,MAD22/original_sorted/OpenCV/128_03-vs-130_03.jpg,MAD22/original_sorted/BonaFide/130_03.jpg,MAD22/original_sorted/BonaFide/128_03.jpg,130_03,128_03,128_03,130_03
OpenCV_128_03_vs_132_03_A_to_B,OpenCV,A_to_B,MAD22/original_sorted/OpenCV/128_03-vs-132_03.jpg,MAD22/original_sorted/BonaFide/128_03.jpg,MAD22/original_sorted/BonaFide/132_03.jpg,128_03,132_03,128_03,132_03
OpenCV_128_03_vs_132_03_B_to_A,OpenCV,B_to_A,MAD22/original_sorted/OpenCV/128_03-vs-132_03.jpg,MAD22/original_sorted/BonaFide/132_03.jpg,MAD22/original_sorted/BonaFide/128_03.jpg,132_03,128_03,128_03,132_03
OpenCV_128_03_vs_138_03_A_to_B,OpenCV,A_to_B,MAD22/original_sorted/OpenCV/128_03-vs-138_03.jpg,MAD22/original_sorted/BonaFide/128_03.jpg,MAD22/original_sorted/BonaFide/138_03.jpg,128_03,138_03,128_03,138_03
OpenCV_128_03_vs_138_03_B_to_A,OpenCV,B_to_A,MAD22/original_sorted/OpenCV/128_03-vs-138_03.jpg,MAD22/original_sorted/BonaFide/138_03.jpg,MAD22/original_sorted/BonaFide/128_03.jpg,138_03,128_03,128_03,138_03
OpenCV_128_03_vs_141_03_A_to_B,OpenCV,A_to_B,MAD22/original_sorted/OpenCV/128_03-vs-141_03.jpg,MAD22/original_sorted/BonaFide/128_03.jpg,MAD22/original_sorted/BonaFide/141_03.jpg,128_03,141_03,128_03,141_03
OpenCV_128_03_vs_141_03_B_to_A,OpenCV,B_to_A,MAD22/original_sorted/OpenCV/128_03-vs-141_03.jpg,MAD22/original_sorted/BonaFide/141_03.jpg,MAD22/original_sorted/BonaFide/128_03.jpg,141_03,128_03,128_03,141_03
OpenCV_128_03_vs_142_03_A_to_B,OpenCV,A_to_B,MAD22/original_sorted/OpenCV/128_03-vs-142_03.jpg,MAD22/original_sorted/BonaFide/128_03.jpg,MAD22/original_sorted/BonaFide/142_03.jpg,128_03,142_03,128_03,142_03
OpenCV_128_03_vs_142_03_B_to_A,OpenCV,B_to_A,MAD22/original_sorted/OpenCV/128_03-vs-142_03.jpg,MAD22/original_sorted/BonaFide/142_03.jpg,MAD22/original_sorted/BonaFide/128_03.jpg,142_03,128_03,128_03,142_03
OpenCV_128_03_vs_143_03_A_to_B,OpenCV,A_to_B,MAD22/original_sorted/OpenCV/128_03-vs-143_03.jpg,MAD22/original_sorted/BonaFide/128_03.jpg,MAD22/original_sorted/BonaFide/143_03.jpg,128_03,143_03,128_03,143_03
OpenCV_128_03_vs_143_03_B_to_A,OpenCV,B_to_A,MAD22/original_sorted/OpenCV/128_03-vs-143_03.jpg,MAD22/original_sorted/BonaFide/143_03.jpg,MAD22/original_sorted/BonaFide/128_03.jpg,143_03,128_03,128_03,143_03
OpenCV_128_08_vs_130_08_A_to_B,OpenCV,A_to_B,MAD22/original_sorted/OpenCV/128_08-vs-130_08.jpg,MAD22/original_sorted/BonaFide/128_08.jpg,MAD22/original_sorted/BonaFide/130_08.jpg,128_08,130_08,128_08,130_08
OpenCV_128_08_vs_130_08_B_to_A,OpenCV,B_to_A,MAD22/original_sorted/OpenCV/128_08-vs-130_08.jpg,MAD22/original_sorted/BonaFide/130_08.jpg,MAD22/original_sorted/BonaFide/128_08.jpg,130_08,128_08,128_08,130_08
OpenCV_128_08_vs_132_08_A_to_B,OpenCV,A_to_B,MAD22/original_sorted/OpenCV/128_08-vs-132_08.jpg,MAD22/original_sorted/BonaFide/128_08.jpg,MAD22/original_sorted/BonaFide/132_08.jpg,128_08,132_08,128_08,132_08
OpenCV_128_08_vs_132_08_B_to_A,OpenCV,B_to_A,MAD22/original_sorted/OpenCV/128_08-vs-132_08.jpg,MAD22/original_sorted/BonaFide/132_08.jpg,MAD22/original_sorted/BonaFide/128_08.jpg,132_08,128_08,128_08,132_08
OpenCV_128_08_vs_140_08_A_to_B,OpenCV,A_to_B,MAD22/original_sorted/OpenCV/128_08-vs-140_08.jpg,MAD22/original_sorted/BonaFide/128_08.jpg,MAD22/original_sorted/BonaFide/140_08.jpg,128_08,140_08,128_08,140_08
OpenCV_128_08_vs_140_08_B_to_A,OpenCV,B_to_A,MAD22/original_sorted/OpenCV/128_08-vs-140_08.jpg,MAD22/original_sorted/BonaFide/140_08.jpg,MAD22/original_sorted/BonaFide/128_08.jpg,140_08,128_08,128_08,140_08
OpenCV_128_08_vs_141_08_A_to_B,OpenCV,A_to_B,MAD22/original_sorted/OpenCV/128_08-vs-141_08.jpg,MAD22/original_sorted/BonaFide/128_08.jpg,MAD22/original_sorted/BonaFide/141_08.jpg,128_08,141_08,128_08,141_08
OpenCV_128_08_vs_141_08_B_to_A,OpenCV,B_to_A,MAD22/original_sorted/OpenCV/128_08-vs-141_08.jpg,MAD22/original_sorted/BonaFide/141_08.jpg,MAD22/original_sorted/BonaFide/128_08.jpg,141_08,128_08,128_08,141_08
OpenCV_130_03_vs_131_03_A_to_B,OpenCV,A_to_B,MAD22/original_sorted/OpenCV/130_03-vs-131_03.jpg,MAD22/original_sorted/BonaFide/130_03.jpg,MAD22/original_sorted/BonaFide/131_03.jpg,130_03,131_03,130_03,131_03
OpenCV_130_03_vs_131_03_B_to_A,OpenCV,B_to_A,MAD22/original_sorted/OpenCV/130_03-vs-131_03.jpg,MAD22/original_sorted/BonaFide/131_03.jpg,MAD22/original_sorted/BonaFide/130_03.jpg,131_03,130_03,130_03,131_03
OpenCV_130_03_vs_132_03_A_to_B,OpenCV,A_to_B,MAD22/original_sorted/OpenCV/130_03-vs-132_03.jpg,MAD22/original_sorted/BonaFide/130_03.jpg,MAD22/original_sorted/BonaFide/132_03.jpg,130_03,132_03,130_03,132_03
OpenCV_130_03_vs_132_03_B_to_A,OpenCV,B_to_A,MAD22/original_sorted/OpenCV/130_03-vs-132_03.jpg,MAD22/original_sorted/BonaFide/132_03.jpg,MAD22/original_sorted/BonaFide/130_03.jpg,132_03,130_03,130_03,132_03
OpenCV_130_03_vs_138_03_A_to_B,OpenCV,A_to_B,MAD22/original_sorted/OpenCV/130_03-vs-138_03.jpg,MAD22/original_sorted/BonaFide/130_03.jpg,MAD22/original_sorted/BonaFide/138_03.jpg,130_03,138_03,130_03,138_03
OpenCV_130_03_vs_138_03_B_to_A,OpenCV,B_to_A,MAD22/original_sorted/OpenCV/130_03-vs-138_03.jpg,MAD22/original_sorted/BonaFide/138_03.jpg,MAD22/original_sorted/BonaFide/130_03.jpg,138_03,130_03,130_03,138_03
OpenCV_130_03_vs_141_03_A_to_B,OpenCV,A_to_B,MAD22/original_sorted/OpenCV/130_03-vs-141_03.jpg,MAD22/original_sorted/BonaFide/130_03.jpg,MAD22/original_sorted/BonaFide/141_03.jpg,130_03,141_03,130_03,141_03
OpenCV_130_03_vs_141_03_B_to_A,OpenCV,B_to_A,MAD22/original_sorted/OpenCV/130_03-vs-141_03.jpg,MAD22/original_sorted/BonaFide/141_03.jpg,MAD22/original_sorted/BonaFide/130_03.jpg,141_03,130_03,130_03,141_03
OpenCV_130_03_vs_173_03_A_to_B,OpenCV,A_to_B,MAD22/original_sorted/OpenCV/130_03-vs-173_03.jpg,MAD22/original_sorted/BonaFide/130_03.jpg,MAD22/original_sorted/BonaFide/173_03.jpg,130_03,173_03,130_03,173_03
OpenCV_130_03_vs_173_03_B_to_A,OpenCV,B_to_A,MAD22/original_sorted/OpenCV/130_03-vs-173_03.jpg,MAD22/original_sorted/BonaFide/173_03.jpg,MAD22/original_sorted/BonaFide/130_03.jpg,173_03,130_03,130_03,173_03
OpenCV_130_08_vs_131_08_A_to_B,OpenCV,A_to_B,MAD22/original_sorted/OpenCV/130_08-vs-131_08.jpg,MAD22/original_sorted/BonaFide/130_08.jpg,MAD22/original_sorted/BonaFide/131_08.jpg,130_08,131_08,130_08,131_08
OpenCV_130_08_vs_131_08_B_to_A,OpenCV,B_to_A,MAD22/original_sorted/OpenCV/130_08-vs-131_08.jpg,MAD22/original_sorted/BonaFide/131_08.jpg,MAD22/original_sorted/BonaFide/130_08.jpg,131_08,130_08,130_08,131_08
OpenCV_130_08_vs_132_08_A_to_B,OpenCV,A_to_B,MAD22/original_sorted/OpenCV/130_08-vs-132_08.jpg,MAD22/original_sorted/BonaFide/130_08.jpg,MAD22/original_sorted/BonaFide/132_08.jpg,130_08,132_08,130_08,132_08
OpenCV_130_08_vs_132_08_B_to_A,OpenCV,B_to_A,MAD22/original_sorted/OpenCV/130_08-vs-132_08.jpg,MAD22/original_sorted/BonaFide/132_08.jpg,MAD22/original_sorted/BonaFide/130_08.jpg,132_08,130_08,130_08,132_08
OpenCV_130_08_vs_141_08_A_to_B,OpenCV,A_to_B,MAD22/original_sorted/OpenCV/130_08-vs-141_08.jpg,MAD22/original_sorted/BonaFide/130_08.jpg,MAD22/original_sorted/BonaFide/141_08.jpg,130_08,141_08,130_08,141_08
OpenCV_130_08_vs_141_08_B_to_A,OpenCV,B_to_A,MAD22/original_sorted/OpenCV/130_08-vs-141_08.jpg,MAD22/original_sorted/BonaFide/141_08.jpg,MAD22/original_sorted/BonaFide/130_08.jpg,141_08,130_08,130_08,141_08
OpenCV_131_03_vs_138_03_A_to_B,OpenCV,A_to_B,MAD22/original_sorted/OpenCV/131_03-vs-138_03.jpg,MAD22/original_sorted/BonaFide/131_03.jpg,MAD22/original_sorted/BonaFide/138_03.jpg,131_03,138_03,131_03,138_03
OpenCV_131_03_vs_138_03_B_to_A,OpenCV,B_to_A,MAD22/original_sorted/OpenCV/131_03-vs-138_03.jpg,MAD22/original_sorted/BonaFide/138_03.jpg,MAD22/original_sorted/BonaFide/131_03.jpg,138_03,131_03,131_03,138_03
OpenCV_131_03_vs_172_03_A_to_B,OpenCV,A_to_B,MAD22/original_sorted/OpenCV/131_03-vs-172_03.jpg,MAD22/original_sorted/BonaFide/131_03.jpg,MAD22/original_sorted/BonaFide/172_03.jpg,131_03,172_03,131_03,172_03
OpenCV_131_03_vs_172_03_B_to_A,OpenCV,B_to_A,MAD22/original_sorted/OpenCV/131_03-vs-172_03.jpg,MAD22/original_sorted/BonaFide/172_03.jpg,MAD22/original_sorted/BonaFide/131_03.jpg,172_03,131_03,131_03,172_03
OpenCV_131_08_vs_172_08_A_to_B,OpenCV,A_to_B,MAD22/original_sorted/OpenCV/131_08-vs-172_08.jpg,MAD22/original_sorted/BonaFide/131_08.jpg,MAD22/original_sorted/BonaFide/172_08.jpg,131_08,172_08,131_08,172_08
OpenCV_131_08_vs_172_08_B_to_A,OpenCV,B_to_A,MAD22/original_sorted/OpenCV/131_08-vs-172_08.jpg,MAD22/original_sorted/BonaFide/172_08.jpg,MAD22/original_sorted/BonaFide/131_08.jpg,172_08,131_08,131_08,172_08
OpenCV_132_03_vs_172_03_A_to_B,OpenCV,A_to_B,MAD22/original_sorted/OpenCV/132_03-vs-172_03.jpg,MAD22/original_sorted/BonaFide/132_03.jpg,MAD22/original_sorted/BonaFide/172_03.jpg,132_03,172_03,132_03,172_03
OpenCV_132_03_vs_172_03_B_to_A,OpenCV,B_to_A,MAD22/original_sorted/OpenCV/132_03-vs-172_03.jpg,MAD22/original_sorted/BonaFide/172_03.jpg,MAD22/original_sorted/BonaFide/132_03.jpg,172_03,132_03,132_03,172_03
OpenCV_132_08_vs_172_08_A_to_B,OpenCV,A_to_B,MAD22/original_sorted/OpenCV/132_08-vs-172_08.jpg,MAD22/original_sorted/BonaFide/132_08.jpg,MAD22/original_sorted/BonaFide/172_08.jpg,132_08,172_08,132_08,172_08
OpenCV_132_08_vs_172_08_B_to_A,OpenCV,B_to_A,MAD22/original_sorted/OpenCV/132_08-vs-172_08.jpg,MAD22/original_sorted/BonaFide/172_08.jpg,MAD22/original_sorted/BonaFide/132_08.jpg,172_08,132_08,132_08,172_08
OpenCV_134_03_vs_139_03_A_to_B,OpenCV,A_to_B,MAD22/original_sorted/OpenCV/134_03-vs-139_03.jpg,MAD22/original_sorted/BonaFide/134_03.jpg,MAD22/original_sorted/BonaFide/139_03.jpg,134_03,139_03,134_03,139_03
OpenCV_134_03_vs_139_03_B_to_A,OpenCV,B_to_A,MAD22/original_sorted/OpenCV/134_03-vs-139_03.jpg,MAD22/original_sorted/BonaFide/139_03.jpg,MAD22/original_sorted/BonaFide/134_03.jpg,139_03,134_03,134_03,139_03
OpenCV_134_08_vs_139_08_A_to_B,OpenCV,A_to_B,MAD22/original_sorted/OpenCV/134_08-vs-139_08.jpg,MAD22/original_sorted/BonaFide/134_08.jpg,MAD22/original_sorted/BonaFide/139_08.jpg,134_08,139_08,134_08,139_08
OpenCV_134_08_vs_139_08_B_to_A,OpenCV,B_to_A,MAD22/original_sorted/OpenCV/134_08-vs-139_08.jpg,MAD22/original_sorted/BonaFide/139_08.jpg,MAD22/original_sorted/BonaFide/134_08.jpg,139_08,134_08,134_08,139_08
OpenCV_136_03_vs_144_03_A_to_B,OpenCV,A_to_B,MAD22/original_sorted/OpenCV/136_03-vs-144_03.jpg,MAD22/original_sorted/BonaFide/136_03.jpg,MAD22/original_sorted/BonaFide/144_03.jpg,136_03,144_03,136_03,144_03
OpenCV_136_03_vs_144_03_B_to_A,OpenCV,B_to_A,MAD22/original_sorted/OpenCV/136_03-vs-144_03.jpg,MAD22/original_sorted/BonaFide/144_03.jpg,MAD22/original_sorted/BonaFide/136_03.jpg,144_03,136_03,136_03,144_03
OpenCV_136_08_vs_144_08_A_to_B,OpenCV,A_to_B,MAD22/original_sorted/OpenCV/136_08-vs-144_08.jpg,MAD22/original_sorted/BonaFide/136_08.jpg,MAD22/original_sorted/BonaFide/144_08.jpg,136_08,144_08,136_08,144_08
OpenCV_136_08_vs_144_08_B_to_A,OpenCV,B_to_A,MAD22/original_sorted/OpenCV/136_08-vs-144_08.jpg,MAD22/original_sorted/BonaFide/144_08.jpg,MAD22/original_sorted/BonaFide/136_08.jpg,144_08,136_08,136_08,144_08
OpenCV_137_03_vs_143_03_A_to_B,OpenCV,A_to_B,MAD22/original_sorted/OpenCV/137_03-vs-143_03.jpg,MAD22/original_sorted/BonaFide/137_03.jpg,MAD22/original_sorted/BonaFide/143_03.jpg,137_03,143_03,137_03,143_03
OpenCV_137_03_vs_143_03_B_to_A,OpenCV,B_to_A,MAD22/original_sorted/OpenCV/137_03-vs-143_03.jpg,MAD22/original_sorted/BonaFide/143_03.jpg,MAD22/original_sorted/BonaFide/137_03.jpg,143_03,137_03,137_03,143_03
OpenCV_138_03_vs_141_03_A_to_B,OpenCV,A_to_B,MAD22/original_sorted/OpenCV/138_03-vs-141_03.jpg,MAD22/original_sorted/BonaFide/138_03.jpg,MAD22/original_sorted/BonaFide/141_03.jpg,138_03,141_03,138_03,141_03
OpenCV_138_03_vs_141_03_B_to_A,OpenCV,B_to_A,MAD22/original_sorted/OpenCV/138_03-vs-141_03.jpg,MAD22/original_sorted/BonaFide/141_03.jpg,MAD22/original_sorted/BonaFide/138_03.jpg,141_03,138_03,138_03,141_03
OpenCV_139_03_vs_144_03_A_to_B,OpenCV,A_to_B,MAD22/original_sorted/OpenCV/139_03-vs-144_03.jpg,MAD22/original_sorted/BonaFide/139_03.jpg,MAD22/original_sorted/BonaFide/144_03.jpg,139_03,144_03,139_03,144_03
OpenCV_139_03_vs_144_03_B_to_A,OpenCV,B_to_A,MAD22/original_sorted/OpenCV/139_03-vs-144_03.jpg,MAD22/original_sorted/BonaFide/144_03.jpg,MAD22/original_sorted/BonaFide/139_03.jpg,144_03,139_03,139_03,144_03
OpenCV_139_08_vs_144_08_A_to_B,OpenCV,A_to_B,MAD22/original_sorted/OpenCV/139_08-vs-144_08.jpg,MAD22/original_sorted/BonaFide/139_08.jpg,MAD22/original_sorted/BonaFide/144_08.jpg,139_08,144_08,139_08,144_08
OpenCV_139_08_vs_144_08_B_to_A,OpenCV,B_to_A,MAD22/original_sorted/OpenCV/139_08-vs-144_08.jpg,MAD22/original_sorted/BonaFide/144_08.jpg,MAD22/original_sorted/BonaFide/139_08.jpg,144_08,139_08,139_08,144_08
OpenCV_140_08_vs_141_08_A_to_B,OpenCV,A_to_B,MAD22/original_sorted/OpenCV/140_08-vs-141_08.jpg,MAD22/original_sorted/BonaFide/140_08.jpg,MAD22/original_sorted/BonaFide/141_08.jpg,140_08,141_08,140_08,141_08
OpenCV_140_08_vs_141_08_B_to_A,OpenCV,B_to_A,MAD22/original_sorted/OpenCV/140_08-vs-141_08.jpg,MAD22/original_sorted/BonaFide/141_08.jpg,MAD22/original_sorted/BonaFide/140_08.jpg,141_08,140_08,140_08,141_08
OpenCV_140_08_vs_173_08_A_to_B,OpenCV,A_to_B,MAD22/original_sorted/OpenCV/140_08-vs-173_08.jpg,MAD22/original_sorted/BonaFide/140_08.jpg,MAD22/original_sorted/BonaFide/173_08.jpg,140_08,173_08,140_08,173_08
OpenCV_140_08_vs_173_08_B_to_A,OpenCV,B_to_A,MAD22/original_sorted/OpenCV/140_08-vs-173_08.jpg,MAD22/original_sorted/BonaFide/173_08.jpg,MAD22/original_sorted/BonaFide/140_08.jpg,173_08,140_08,140_08,173_08
OpenCV_141_03_vs_143_03_A_to_B,OpenCV,A_to_B,MAD22/original_sorted/OpenCV/141_03-vs-143_03.jpg,MAD22/original_sorted/BonaFide/141_03.jpg,MAD22/original_sorted/BonaFide/143_03.jpg,141_03,143_03,141_03,143_03
OpenCV_141_03_vs_143_03_B_to_A,OpenCV,B_to_A,MAD22/original_sorted/OpenCV/141_03-vs-143_03.jpg,MAD22/original_sorted/BonaFide/143_03.jpg,MAD22/original_sorted/BonaFide/141_03.jpg,143_03,141_03,141_03,143_03
OpenCV_141_08_vs_143_08_A_to_B,OpenCV,A_to_B,MAD22/original_sorted/OpenCV/141_08-vs-143_08.jpg,MAD22/original_sorted/BonaFide/141_08.jpg,MAD22/original_sorted/BonaFide/143_08.jpg,141_08,143_08,141_08,143_08
OpenCV_141_08_vs_143_08_B_to_A,OpenCV,B_to_A,MAD22/original_sorted/OpenCV/141_08-vs-143_08.jpg,MAD22/original_sorted/BonaFide/143_08.jpg,MAD22/original_sorted/BonaFide/141_08.jpg,143_08,141_08,141_08,143_08
